-- MySQL dump 10.13  Distrib 8.0.36, for Win64 (x86_64)
--
-- Host: 127.0.0.1    Database: recipe_management_system
-- ------------------------------------------------------
-- Server version	8.0.37

/*!40101 SET @OLD_CHARACTER_SET_CLIENT=@@CHARACTER_SET_CLIENT */;
/*!40101 SET @OLD_CHARACTER_SET_RESULTS=@@CHARACTER_SET_RESULTS */;
/*!40101 SET @OLD_COLLATION_CONNECTION=@@COLLATION_CONNECTION */;
/*!50503 SET NAMES utf8mb4 */;
/*!40103 SET @OLD_TIME_ZONE=@@TIME_ZONE */;
/*!40103 SET TIME_ZONE='+00:00' */;
/*!40014 SET @OLD_UNIQUE_CHECKS=@@UNIQUE_CHECKS, UNIQUE_CHECKS=0 */;
/*!40014 SET @OLD_FOREIGN_KEY_CHECKS=@@FOREIGN_KEY_CHECKS, FOREIGN_KEY_CHECKS=0 */;
/*!40101 SET @OLD_SQL_MODE=@@SQL_MODE, SQL_MODE='NO_AUTO_VALUE_ON_ZERO' */;
/*!40111 SET @OLD_SQL_NOTES=@@SQL_NOTES, SQL_NOTES=0 */;

--
-- Table structure for table `category`
--

DROP TABLE IF EXISTS `category`;
/*!40101 SET @saved_cs_client     = @@character_set_client */;
/*!50503 SET character_set_client = utf8mb4 */;
CREATE TABLE `category` (
                            `category_id` int NOT NULL AUTO_INCREMENT COMMENT '分类id',
                            `c_name` char(30) CHARACTER SET utf8mb3 COLLATE utf8mb3_general_ci NOT NULL COMMENT '名称',
                            PRIMARY KEY (`category_id`),
                            UNIQUE KEY `category_pk` (`c_name`)
) ENGINE=InnoDB AUTO_INCREMENT=30 DEFAULT CHARSET=utf8mb4 COLLATE=utf8mb4_0900_ai_ci COMMENT='分类';
/*!40101 SET character_set_client = @saved_cs_client */;

--
-- Dumping data for table `category`
--

LOCK TABLES `category` WRITE;
/*!40000 ALTER TABLE `category` DISABLE KEYS */;
INSERT INTO `category` VALUES (19,'中式菜肴'),(16,'主食'),(28,'午餐'),(18,'发酵食品'),(8,'叶菜'),(3,'奶'),(23,'奶制品'),(15,'奶酪'),(27,'早餐'),(29,'晚餐'),(7,'果菜'),(5,'根茎'),(24,'水果'),(9,'淀粉'),(22,'添加糖'),(25,'甜点'),(21,'糖果'),(1,'肉'),(10,'葱蒜'),(4,'蔬菜'),(2,'蛋'),(20,'西式菜肴'),(11,'调味品'),(6,'谷物'),(13,'酒类'),(17,'面包'),(14,'食用油'),(26,'饮品'),(12,'香辛料');
/*!40000 ALTER TABLE `category` ENABLE KEYS */;
UNLOCK TABLES;

--
-- Table structure for table `category_item`
--

DROP TABLE IF EXISTS `category_item`;
/*!40101 SET @saved_cs_client     = @@character_set_client */;
/*!50503 SET character_set_client = utf8mb4 */;
CREATE TABLE `category_item` (
                                 `category_item_id` int NOT NULL AUTO_INCREMENT COMMENT '分类项目id',
                                 `category_id` int NOT NULL COMMENT '分类id',
                                 `t_id` int NOT NULL COMMENT '目标id',
                                 `id_category` int NOT NULL COMMENT '目标类型 1：食材 2：食谱 3: 食谱计划',
                                 PRIMARY KEY (`category_item_id`),
                                 UNIQUE KEY `category_item_pk` (`category_id`,`t_id`,`id_category`),
                                 KEY `category_item_category_category_id_fk` (`category_id`)
) ENGINE=InnoDB AUTO_INCREMENT=84 DEFAULT CHARSET=utf8mb4 COLLATE=utf8mb4_0900_ai_ci COMMENT='分类项目';
/*!40101 SET character_set_client = @saved_cs_client */;

--
-- Dumping data for table `category_item`
--

LOCK TABLES `category_item` WRITE;
/*!40000 ALTER TABLE `category_item` DISABLE KEYS */;
INSERT INTO `category_item` VALUES (1,1,4,1),(80,1,4,2),(2,1,5,1),(20,1,25,1),(19,2,24,1),(44,3,37,1),(51,3,43,1),(5,4,7,1),(6,4,8,1),(14,4,15,1),(23,4,28,1),(3,5,6,1),(4,5,7,1),(77,6,2,2),(18,7,23,1),(29,7,34,1),(21,8,26,1),(7,9,8,1),(56,9,45,1),(15,10,15,1),(27,10,32,1),(28,10,33,1),(8,11,9,1),(9,11,10,1),(10,11,11,1),(11,11,12,1),(12,11,13,1),(25,11,30,1),(24,12,29,1),(26,12,31,1),(13,13,14,1),(22,14,27,1),(50,14,40,1),(79,15,3,2),(30,15,35,1),(76,16,2,2),(81,16,5,2),(17,16,22,1),(57,16,45,1),(82,17,5,2),(16,17,22,1),(31,19,4,2),(43,19,36,1),(32,20,5,2),(74,21,1,2),(34,21,2,1),(36,21,3,1),(46,21,38,1),(60,21,47,1),(35,22,2,1),(37,22,3,1),(39,22,17,1),(48,22,39,1),(54,22,44,1),(75,23,1,2),(78,23,3,2),(45,23,37,1),(52,23,43,1),(33,24,1,1),(38,24,16,1),(58,24,46,1),(40,25,17,1),(41,25,18,1),(42,25,19,1),(47,25,38,1),(49,25,39,1),(53,25,43,1),(55,25,44,1),(59,25,46,1),(61,25,47,1),(62,25,48,1),(65,26,37,1),(63,26,47,1),(64,26,48,1),(83,27,5,2);
/*!40000 ALTER TABLE `category_item` ENABLE KEYS */;
UNLOCK TABLES;

--
-- Table structure for table `cfg`
--

DROP TABLE IF EXISTS `cfg`;
/*!40101 SET @saved_cs_client     = @@character_set_client */;
/*!50503 SET character_set_client = utf8mb4 */;
CREATE TABLE `cfg` (
                       `cfg_id` int NOT NULL AUTO_INCREMENT COMMENT 'id',
                       `cfg_k` varchar(30) NOT NULL COMMENT '键',
                       `cfg_v` json NOT NULL COMMENT '值',
                       PRIMARY KEY (`cfg_id`),
                       UNIQUE KEY `cfg_pk` (`cfg_k`)
) ENGINE=InnoDB AUTO_INCREMENT=12 DEFAULT CHARSET=utf8mb4 COLLATE=utf8mb4_0900_ai_ci COMMENT='可能会经常更新的配置';
/*!40101 SET character_set_client = @saved_cs_client */;

--
-- Dumping data for table `cfg`
--

LOCK TABLES `cfg` WRITE;
/*!40000 ALTER TABLE `cfg` DISABLE KEYS */;
INSERT INTO `cfg` VALUES (1,'NutrientUnits','{\"氟\": \"mg\", \"氯\": \"mg\", \"硒\": \"μg\", \"碘\": \"μg\", \"磷\": \"mg\", \"钙\": \"mg\", \"钠\": \"mg\", \"钼\": \"μg\", \"钾\": \"mg\", \"铁\": \"mg\", \"铜\": \"mg\", \"铬\": \"μg\", \"锌\": \"mg\", \"锰\": \"mg\", \"镁\": \"mg\", \"叶酸\": \"μg\", \"嘌呤\": \"mg\", \"泛酸\": \"mg\", \"胆碱\": \"mg\", \"脂肪\": \"g\", \"生物素\": \"μg\", \"胆固醇\": \"mg\", \"蛋白质\": \"g\", \"维生素A\": \"μg\", \"维生素D\": \"μg\", \"维生素E\": \"mg\", \"维生素K\": \"μg\", \"热量 kcal\": \"kcal\", \"n-3脂肪酸\": \"g\", \"原花青素\": \"mg\", \"胡萝卜素\": \"μg\", \"膳食纤维\": \"g\", \"碳水化合物\": \"g\", \"饱和脂肪(酸)\": \"g\", \"不饱和脂肪酸\": \"g\", \"单不饱和脂肪酸\": \"g\", \"多不饱和脂肪酸\": \"g\", \"维生素B1(硫胺素)\": \"mg\", \"维生素B2(核黄素)\": \"mg\", \"维生素B6(吡哆醇)\": \"mg\", \"维生素B12(钴胺素)\": \"μg\", \"维生素C(抗坏血酸)\": \"mg\", \"烟酸(烟酰胺/尼克酸)\": \"mg\"}'),(2,'UnitsName','{\"g\": {\"zh\": \"克\"}, \"t\": {\"zh\": \"吨\"}, \"ct\": {\"zh\": \"克拉\"}, \"kg\": {\"zh\": \"千克\"}, \"lb\": {\"zh\": \"磅\"}, \"mg\": {\"zh\": \"毫克\"}, \"oz\": {\"zh\": \"盎司\"}, \"μg\": {\"zh\": \"微克\"}}'),(3,'Units','{\"g\": 1, \"l\": 1000, \"kJ\": 1, \"kg\": 1000, \"lb\": 453.592, \"mg\": 0.001, \"ml\": 1, \"oz\": 28.3495, \"μg\": 0.000001, \"kcal\": 4.184}'),(4,'BaseUnit','{\"g\": null, \"l\": \"ml\", \"kJ\": null, \"kg\": \"g\", \"lb\": \"g\", \"mg\": \"g\", \"ml\": null, \"oz\": \"g\", \"μg\": \"g\", \"kcal\": \"kJ\"}'),(5,'UnitNext','{\"g\": \"kg\", \"l\": null, \"kJ\": \"kcal\", \"kg\": null, \"lb\": \"kg\", \"mg\": \"g\", \"ml\": \"l\", \"oz\": \"kg\", \"μg\": \"mg\", \"kcal\": null}'),(6,'UnitPre','{\"g\": \"mg\", \"l\": \"ml\", \"t\": \"kg\", \"kJ\": null, \"kg\": \"g\", \"lb\": \"g\", \"mg\": \"μg\", \"ml\": null, \"oz\": \"g\", \"μg\": null, \"kcal\": \"kJ\"}'),(7,'UnitLocal','{\"zh\": {\"g\": \"克\", \"l\": \"升\", \"kJ\": \"千焦\", \"kg\": \"千克\", \"lb\": \"磅\", \"mg\": \"毫克\", \"ml\": \"毫升\", \"oz\": \"盎司\", \"μg\": \"微克\", \"kcal\": \"千卡\"}}'),(8,'ActivityLevels','{\"农民\": 2.0, \"司机\": 1.7, \"学生\": 1.7, \"建筑\": 2.0, \"教师\": 1.4, \"电工\": 1.6, \"白领\": 1.4, \"矿工\": 2.0, \"讲课\": 1.3, \"车床\": 1.6, \"中体力\": 1.7, \"低强度\": 1.4, \"修表工\": 1.4, \"办事员\": 1.4, \"售货员\": 1.3, \"轻体力\": 1.4, \"运动员\": 2.0, \"采石工\": 2.0, \"重体力\": 2.0, \"高强度\": 2, \"中等强度\": 1.7, \"器械维修\": 2.0, \"少量活动\": 1.2, \"装卸工人\": 2.0, \"柜台的柜员\": 1.4, \"舞蹈运动员\": 2.0, \"打理菜园花园\": 1.6, \"几乎从来不运动\": 1.2, \"工作时经常走动\": 1.3, \"每天都参加赛跑\": 2.0, \"有散步等轻度活动\": 1.3, \"每周固定锻炼好几次\": 1.6, \"经常举重、搬运重物\": 2.0, \"需要做较多重家务活\": 1.6, \"每天都参加登山自行车\": 2.0, \"从事比较重体力活的工作\": 2.0, \"工作中有不少体力活要做\": 1.6, \"办公室工作，久坐或站立为主\": 1.2, \"有不少家务活，需要较多走动\": 1.3}'),(9,'ProteinRequirement','{\"True\": \"AAAAAB4eIygoLTI3Nzc8PDw8Nzc3Nzc3Nzc3Nzc3Nzc3Nzc3Nzc3Nzc3Nzc3Nzc3Nzc3Nzc3Nzc3Nzc3Nzc3Nzc3Nzc3Nzc3Nzc3Nzc3Nzc3Nzc3Nzc3Nzc3Nzc3Nzc3Nzc3Nzc=\", \"False\": \"AAAAAB4eIygoLTI8PDxLS0tLQUFBQUFBQUFBQUFBQUFBQUFBQUFBQUFBQUFBQUFBQUFBQUFBQUFBQUFBQUFBQUFBQUFBQUFBQUFBQUFBQUFBQUFBQUFBQUFBQUFBQUFBQUFBQUE=\"}'),(11,'ReferenceIntakeOfNutrients','{\"UL\": {\"0\": \",2000@3,97|=\", \"1\": \",3500,3000@17,47,36|=\", \"3\": \",30,35,40,42@3,3,5,6,83|=\", \"4\": \",200,250,300,500,600@3,3,5,3,3,83|=\", \"5\": \",13,21,24,32,37,40@3,3,2,3,3,3,83|=\", \"6\": \",120,150,200,300,350,400@3,3,2,3,3,3,83|=\", \"7\": \",3,5,6,7,8@3,5,3,3,3,83|=\", \"8\": \",300,400,500,700,800,900@3,3,2,3,3,3,83|=\", \"9\": \",1000,1300,1800,2400,2800,3000@3,3,2,3,3,3,83|=\", \"10\": \",30,45,50@3,3,5,89|=\", \"13\": \",15,19,23,30,33,35@3,3,2,3,3,3,83|=\", \"14\": \",25,32,40,50,55,60,55@3,3,2,3,3,3,32,51|=\", \"15\": \",400,500,650,800,900,1000@3,3,2,3,3,3,83|=\", \"17\": \",600,800,1100,1600,1800,2000@3,3,2,3,3,3,83|=\", \"18\": \",1800,2200,2800,3200,3600@3,3,2,3,3,86|=\", \"19\": \",1000,1200,1500,1900,2100,2000,1900,1800@3,3,2,3,3,3,47,10,26|=\", \"21\": \",1.1,1.5,2,2.4,3.5@3,3,2,3,3,86|=\", \"23\": \",3.5,5,6.5,9,10,11@3,3,2,3,3,3,83|=\", \"24\": \",200,300,400,500,600,700@3,3,2,3,3,3,83|=\", \"28\": \",1000,2000,2500,3000@3,3,8,3,83|=\", \"29\": \",130,160,200,260,290,310,300,290@3,3,2,3,3,3,47,10,26|=\"}, \"EAR\": {\"0\": \",500,650,800,850,800,650@3,3,2,3,3,3,83|=\", \"1\": \",290,370,460,580,600,590,570@3,3,2,3,3,15,35,36|=\", \"2\": \",130,170,210,260,270,260,250@3,3,2,3,3,50,10,26|=\", \"3\": \",7,9,12,9@3,3,2,9,83|,7,9,12,14,12,8@3,3,2,3,6,32,51\", \"4\": \",65,80,85@3,8,3,86|=\", \"5\": \",4.6,5.9,7,9.7,10.1@3,3,5,3,3,83|,4.6,5.9,6.3,6.5,6.9@3,3,5,3,3,83\", \"6\": \",25,30,40,50@3,3,2,3,89|=\", \"7\": \",0.3,0.38,0.47,0.56,0.59,0.62,0.6,0.58,0.57@3,3,2,3,3,3,12,35,10,26|=\", \"8\": \",10,12,15,20@3,3,2,3,89|=\", \"9\": \",280,300,400,560,580,550,540,520,500@3,3,2,3,3,3,32,15,10,26|,270,280,380,520,480,470,460,430@3,3,2,3,3,3,47,10,26\", \"10\": \",8@3,97|=\", \"11\": \",0.7,0.8,0.9,1.2,1.4,1.2@3,3,2,3,3,3,83|,0.7,0.8,1,1.1,1@3,5,3,3,3,83\", \"12\": \",0.7,0.8,0.9,1.2,1.3,1.2@3,3,2,3,3,3,83|,0.6,0.7,0.8,1@3,3,2,3,89\", \"13\": \",6,7,9,11,13,12@3,3,2,3,3,3,83|,5,6,8,10@3,3,2,3,89\", \"14\": \",0.6,0.7,0.8,1.1,1.2,1.3@3,3,2,3,3,35,51|=\", \"15\": \",160,200,240,310,320@3,3,2,3,3,86|=\", \"16\": \",1,1.2,1.5,1.7,2.1,2@3,3,2,3,3,3,83|=\", \"17\": \",40,50,65,80,85@3,3,2,3,3,86|=\"}, \"RNI\": {\"0\": \",600,800,1000,800@3,3,2,9,83|=\", \"1\": \",350,440,550,700,720,710,680@3,3,2,3,3,15,35,36|=\", \"2\": \",160,200,250,320,330,320,310,300@3,3,2,3,3,15,35,10,26|=\", \"3\": \",10,12,16,12@3,3,2,9,83|,10,12,16,18,10@3,3,2,3,38,51\", \"4\": \",90,110,120@3,8,3,86|=\", \"5\": \",5.5,7,8.5,11.5,12@3,3,5,3,3,83|,5.5,7,7.5,8,8.5@3,3,5,3,3,83\", \"6\": \",30,40,45,60@3,3,2,3,89|=\", \"7\": \",0.4,0.5,0.6,0.7,0.8,0.7@3,3,2,3,3,60,26|=\", \"8\": \",12,15,20,25@3,3,2,3,89|=\", \"9\": \",390,430,560,780,810,770,750,730,710@3,3,2,3,3,3,32,15,10,26|,380,390,540,730,670,660,640,600@3,3,2,3,3,3,47,10,26\", \"10\": \",10,15@3,61,36|=\", \"11\": \",0.9,1,1.1,1.4,1.6,1.4@3,3,2,3,3,3,83|,0.9,1,1.2,1.3,1.2@3,5,3,3,3,83\", \"12\": \",0.9,1,1.1,1.4,1.6,1.4@3,3,2,3,3,3,83|,0.8,0.9,1,1.2@3,3,2,3,89\", \"13\": \",7,9,10,13,15@3,3,2,3,3,86|,6,8,10,12@3,3,2,3,89\", \"14\": \",0.7,0.8,1,1.3,1.4,1.6@3,3,2,3,3,35,51|=\", \"15\": \",190,240,290,370,400@3,3,2,3,3,86|=\", \"16\": \",1.2,1.4,1.8,2,2.5,2.4@3,3,2,3,3,3,83|=\", \"17\": \",50,60,75,95,100@3,3,2,3,3,86|=\", \"18\": \",1100,1300,1600,1800,2000@3,3,2,3,3,86|=\", \"19\": \",800,900,1100,1400,1600,1500,1400@3,3,2,3,3,3,47,36|=\", \"20\": \",1200,1400,1700,2200,2500,2300,2200@3,3,2,3,3,3,47,36|=\", \"21\": \",0.7,0.9,1.1,1.4,1.5@3,3,2,3,3,86|=\", \"22\": \",15,20,25,33,35,30@3,3,2,3,3,35,51|,15,20,25,30,25@3,3,2,3,38,51\", \"23\": \",2,2.5,3.5,4.5,5,4.5@3,3,2,3,3,3,83|,2,2.5,3,4@3,3,2,3,89\", \"24\": \",7,9,11,13,14@3,3,2,3,3,86|=\", \"25\": \",40,50,60,70,75,80@3,3,2,3,3,3,83|=\", \"26\": \",2.5,3.1,3.8,4.9,5@3,3,2,3,3,86|=\", \"27\": \",20,25,30,35,40@3,3,2,3,3,86|=\", \"28\": \",200,250,300,380,450@3,3,2,3,3,86|,200,250,300,380@3,3,2,3,89\"}, \"index\": {\"index\": \"钙,磷,镁,铁,碘,锌,硒,铜,钼,维生素A,维生素D,维生素B1,维生素B2,烟酸,维生素B6,叶酸,维生素B12,维生素C,钾,钠,氯,氟,铬,锰,维生素E,维生素K,泛酸,生物素,胆碱,烟酰胺\"}}');
/*!40000 ALTER TABLE `cfg` ENABLE KEYS */;
UNLOCK TABLES;

--
-- Table structure for table `eating_diary`
--

DROP TABLE IF EXISTS `eating_diary`;
/*!40101 SET @saved_cs_client     = @@character_set_client */;
/*!50503 SET character_set_client = utf8mb4 */;
CREATE TABLE `eating_diary` (
                                `ed_id` int NOT NULL AUTO_INCREMENT COMMENT 'id',
                                `user_id` int NOT NULL COMMENT '用户id',
                                `id_category` tinyint NOT NULL COMMENT '目标类型 0：食材  1：食谱',
                                `tid` int DEFAULT NULL COMMENT '目标id',
                                `dosages` json NOT NULL COMMENT '用量列表,（包含id和用量）',
                                `nutrient_content` json NOT NULL COMMENT '营养元素缓存',
                                `update_time` datetime NOT NULL COMMENT '记录的时间',
                                PRIMARY KEY (`ed_id`),
                                KEY `eating_diary_user_user_id_fk` (`user_id`),
                                CONSTRAINT `eating_diary_user_user_id_fk` FOREIGN KEY (`user_id`) REFERENCES `user` (`user_id`)
) ENGINE=InnoDB AUTO_INCREMENT=186 DEFAULT CHARSET=utf8mb4 COLLATE=utf8mb4_0900_ai_ci COMMENT='饮食日记';
/*!40101 SET character_set_client = @saved_cs_client */;

--
-- Dumping data for table `eating_diary`
--

LOCK TABLES `eating_diary` WRITE;
/*!40000 ALTER TABLE `eating_diary` DISABLE KEYS */;
INSERT INTO `eating_diary` VALUES (1,1,2,4,'{\"4\": 200.0, \"5\": 200.0, \"6\": 100.0, \"7\": 100.0, \"8\": 200.0, \"9\": 5.0, \"10\": 5.0, \"11\": 15.0, \"12\": 6.0, \"13\": 10.0, \"14\": 250.0}','{\"氯\": 3594.0, \"硒\": 26.684, \"碘\": 212.357, \"磷\": 420.42, \"钙\": 94.41, \"钠\": 3770.22, \"钾\": 1219.29, \"铁\": 4.623, \"铜\": 0.2155, \"锌\": 2.9836, \"锰\": 0.2232, \"镁\": 116.62, \"叶酸\": 170.58, \"嘌呤\": 229.44, \"泛酸\": 0.5439, \"胆碱\": 19.656, \"脂肪\": 41.747, \"生物素\": 14.287, \"胆固醇\": 249.96, \"蛋白质\": 68.165, \"维生素A\": 442.72, \"维生素D\": 0.24, \"维生素E\": 2.6057, \"热量 kcal\": 1013.04, \"n-3脂肪酸\": 0.312, \"原花青素\": 248.6692, \"胡萝卜素\": 3989.43, \"膳食纤维\": 9.096, \"碳水化合物\": 77.96, \"饱和脂肪(酸)\": 14.15, \"不饱和脂肪酸\": 22.272, \"单不饱和脂肪酸\": 18.036, \"多不饱和脂肪酸\": 4.236, \"维生素B1(硫胺素)\": 0.2676, \"维生素B2(核黄素)\": 0.3972, \"维生素B6(吡哆醇)\": 1.2842, \"维生素B12(钴胺素)\": 1.1568, \"维生素C(抗坏血酸)\": 28.478, \"烟酸(烟酰胺/尼克酸)\": 12.9604}','2024-06-25 08:30:00'),(2,1,2,4,'{\"4\": 200.0, \"5\": 200.0, \"6\": 100.0, \"7\": 100.0, \"8\": 200.0, \"9\": 5.0, \"10\": 5.0, \"11\": 15.0, \"12\": 6.0, \"13\": 10.0, \"14\": 250.0}','{\"氯\": 3594.0, \"硒\": 26.684, \"碘\": 212.357, \"磷\": 420.42, \"钙\": 94.41, \"钠\": 3770.22, \"钾\": 1219.29, \"铁\": 4.623, \"铜\": 0.2155, \"锌\": 2.9836, \"锰\": 0.2232, \"镁\": 116.62, \"叶酸\": 170.58, \"嘌呤\": 229.44, \"泛酸\": 0.5439, \"胆碱\": 19.656, \"脂肪\": 41.747, \"生物素\": 14.287, \"胆固醇\": 249.96, \"蛋白质\": 68.165, \"维生素A\": 442.72, \"维生素D\": 0.24, \"维生素E\": 2.6057, \"热量 kcal\": 1013.04, \"n-3脂肪酸\": 0.312, \"原花青素\": 248.6692, \"胡萝卜素\": 3989.43, \"膳食纤维\": 9.096, \"碳水化合物\": 77.96, \"饱和脂肪(酸)\": 14.15, \"不饱和脂肪酸\": 22.272, \"单不饱和脂肪酸\": 18.036, \"多不饱和脂肪酸\": 4.236, \"维生素B1(硫胺素)\": 0.2676, \"维生素B2(核黄素)\": 0.3972, \"维生素B6(吡哆醇)\": 1.2842, \"维生素B12(钴胺素)\": 1.1568, \"维生素C(抗坏血酸)\": 28.478, \"烟酸(烟酰胺/尼克酸)\": 12.9604}','2024-06-25 13:30:00'),(3,1,2,1,'{\"1\": 544.536607303481, \"2\": 220.261998459835, \"3\": 55.06549961495875, \"12\": 4.078925897404352, \"16\": 220.261998459835, \"17\": 254.932868587772, \"18\": 203.9462948702176}','{\"氯\": 2443.2766125452067, \"硒\": 5.753894394304654, \"碘\": 154.77687810215178, \"磷\": 371.2843829341094, \"钙\": 268.68271113577305, \"钠\": 1928.4635443335792, \"钾\": 1760.3317954494041, \"铁\": 5.475304663072948, \"铜\": 1.1003675062997913, \"锌\": 3.0734315871761893, \"锰\": 3.4694414126701343, \"镁\": 274.6148316702701, \"叶酸\": 82.51459513910085, \"嘌呤\": 19.68591611234775, \"果糖\": 28.432055416265275, \"泛酸\": 1.0985112319920673, \"脂肪\": 133.41522103815404, \"生物素\": 8.793139965524372, \"蛋白质\": 21.63488554884518, \"维生素A\": 48.367894215810686, \"维生素E\": 8.05232546728767, \"热量 kcal\": 3289.7465669607227, \"胡萝卜素\": 569.6769581648113, \"膳食纤维\": 7.473181510153467, \"碳水化合物\": 500.0312029579227, \"维生素B1(硫胺素)\": 0.222778659436093, \"维生素B2(核黄素)\": 0.3281862261743758, \"维生素B6(吡哆醇)\": 0.08948143687430797, \"维生素C(抗坏血酸)\": 43.7436104805573, \"烟酸(烟酰胺/尼克酸)\": 6.190666142423115}','2024-06-26 12:00:00'),(4,1,1,1,'{\"1\": 580.537}','{\"硒\": 3.100065838389, \"碘\": 8.611293995525, \"磷\": 96.44649274988, \"钙\": 24.11162318747, \"钠\": 3.44451759821, \"钾\": 881.79650514176, \"铁\": 1.377807039284, \"铜\": 0.4822324637494, \"锌\": 0.6200131676778, \"锰\": 2.2389364388365, \"镁\": 148.11425672303, \"叶酸\": 68.8903519642, \"果糖\": 30.311754864248, \"泛酸\": 1.1711359833914, \"脂肪\": 0.688903519642, \"生物素\": 8.611293995525, \"蛋白质\": 4.822324637494, \"维生素A\": 17.22258799105, \"维生素E\": 0.8266842235704, \"热量 kcal\": 320.34013663353, \"胡萝卜素\": 206.6710558926, \"膳食纤维\": 4.133421117852, \"碳水化合物\": 75.77938716062, \"维生素B1(硫胺素)\": 0.0688903519642, \"维生素B2(核黄素)\": 0.1377807039284, \"维生素C(抗坏血酸)\": 27.55614078568, \"烟酸(烟酰胺/尼克酸)\": 2.411162318747}','2024-06-28 06:03:00'),(5,1,1,18,'{\"18\": 601.946}','{\"硒\": 7.223352, \"磷\": 686.21844, \"钙\": 668.16006, \"钠\": 674.17952, \"钾\": 1528.94284, \"铁\": 10.233082, \"铜\": 1.3844758, \"锌\": 6.1398492, \"锰\": 3.6718706, \"镁\": 337.08976, \"脂肪\": 241.380346, \"蛋白质\": 25.883678, \"维生素E\": 9.7515252, \"热量 kcal\": 3545.46194, \"膳食纤维\": 9.02919, \"碳水化合物\": 321.439164, \"维生素B1(硫胺素)\": 0.3611676, \"维生素B2(核黄素)\": 0.4815568, \"烟酸(烟酰胺/尼克酸)\": 8.427244}','2024-06-28 07:02:00'),(6,1,2,3,'{\"37\": 307.4468085106383, \"43\": 122.97872340425535, \"44\": 49.19148936170213, \"45\": 49.19148936170213, \"46\": 24.595744680851066, \"47\": 12.297872340425535, \"48\": 12.297872340425535}','{\"氟\": 3.6893617021276595, \"硒\": 7.29263829787234, \"碘\": 6.345702127659574, \"磷\": 435.3446808510638, \"钙\": 441.0017021276596, \"钠\": 257.2714893617021, \"钾\": 837.116170212766, \"铁\": 5.398765957446809, \"铜\": 0.38000425531914894, \"锌\": 2.154587234042553, \"锰\": 0.17954893617021275, \"镁\": 75.75489361702128, \"叶酸\": 174.99872340425532, \"嘌呤\": 3.074468085106383, \"泛酸\": 0.7747659574468084, \"胆碱\": 63.702978723404264, \"脂肪\": 67.7735744680851, \"胆固醇\": 182.62340425531912, \"蛋白质\": 20.42676595744681, \"维生素A\": 1709.6502127659573, \"维生素D\": 4.119787234042553, \"维生素E\": 5.716051063829787, \"维生素K\": 356.6382978723404, \"热量 kcal\": 1186.8676595744682, \"n-3脂肪酸\": 0.061489361702127654, \"膳食纤维\": 6.542468085106384, \"碳水化合物\": 127.40595744680851, \"饱和脂肪(酸)\": 29.305829787234043, \"不饱和脂肪酸\": 17.007957446808508, \"单不饱和脂肪酸\": 14.978808510638297, \"多不饱和脂肪酸\": 2.0291489361702126, \"维生素B1(硫胺素)\": 0.21152340425531913, \"维生素B2(核黄素)\": 0.7341829787234043, \"维生素B6(吡哆醇)\": 0.16971063829787233, \"维生素B12(钴胺素)\": 1.9061702127659577, \"维生素C(抗坏血酸)\": 11.191063829787234, \"烟酸(烟酰胺/尼克酸)\": 1.5618297872340423}','2024-07-01 17:08:00'),(7,1,2,5,'{\"7\": 60.0, \"9\": 5.0, \"12\": 3.0, \"22\": 100.0, \"23\": 50.0, \"24\": 60.0, \"25\": 240.0, \"26\": 40.0, \"27\": 15.0, \"28\": 60.0, \"29\": 5.0, \"30\": 15.0, \"31\": 10.0, \"32\": 15.0, \"33\": 5.0}','{\"氯\": 1797.0, \"硒\": 57.59850744, \"碘\": 129.0801, \"磷\": 780.767, \"钙\": 313.938, \"钠\": 2832.821, \"钾\": 1653.6075, \"铁\": 9.15515, \"铜\": 0.68209, \"锌\": 3.684065, \"锰\": 2.03788, \"镁\": 211.873, \"叶酸\": 92.577, \"嘌呤\": 520.1725, \"泛酸\": 1.39883, \"胆碱\": 34.25, \"脂肪\": 29.4934, \"生物素\": 13.1333, \"胆固醇\": 529.248, \"蛋白质\": 83.5769, \"维生素A\": 403.13, \"维生素D\": 1.152, \"维生素E\": 11.013615, \"维生素K\": 24.4304, \"热量 kcal\": 866.0915, \"n-3脂肪酸\": 42.19638, \"原花青素\": 149.20152, \"胡萝卜素\": 2761.681, \"膳食纤维\": 9.7817, \"碳水化合物\": 68.52125, \"饱和脂肪(酸)\": 8.7546, \"不饱和脂肪酸\": 16.9224, \"单不饱和脂肪酸\": 9.8594, \"多不饱和脂肪酸\": 7.233, \"维生素B1(硫胺素)\": 0.659815, \"维生素B2(核黄素)\": 0.50992, \"维生素B6(吡哆醇)\": 2.45714, \"维生素B12(钴胺素)\": 0.75114, \"维生素C(抗坏血酸)\": 20.61, \"烟酸(烟酰胺/尼克酸)\": 33.89755}','2024-06-30 06:00:00'),(8,1,2,5,'{\"7\": 60.0, \"9\": 5.0, \"12\": 3.0, \"22\": 100.0, \"23\": 50.0, \"24\": 60.0, \"25\": 325.897, \"26\": 63.077, \"27\": 15.0, \"28\": 60.0, \"29\": 5.0, \"30\": 18.846, \"31\": 58.077, \"32\": 15.0, \"33\": 12.051}','{\"氯\": 1797.0, \"硒\": 70.144042613572, \"碘\": 132.61954792, \"磷\": 1007.4288752, \"钙\": 529.5025636, \"钠\": 3031.4872676, \"钾\": 2627.6937106, \"铁\": 14.96757936, \"铜\": 1.35568749, \"锌\": 4.564280516, \"锰\": 8.432040096, \"镁\": 323.6202946, \"叶酸\": 101.2900684, \"嘌呤\": 699.06902, \"泛酸\": 2.08544592, \"胆碱\": 51.536487, \"脂肪\": 32.8815196, \"生物素\": 14.60267868, \"胆固醇\": 585.08105, \"蛋白质\": 110.26510184, \"维生素A\": 407.1068736, \"维生素D\": 1.152, \"维生素E\": 11.3657927, \"维生素K\": 103.27668, \"热量 kcal\": 1127.1814468, \"n-3脂肪酸\": 42.2221491, \"原花青素\": 149.20152, \"胡萝卜素\": 2779.0682516, \"膳食纤维\": 10.27599992, \"碳水化合物\": 101.55954494, \"饱和脂肪(酸)\": 9.61357, \"不饱和脂肪酸\": 17.609576, \"单不饱和脂肪酸\": 10.797218, \"多不饱和脂肪酸\": 7.799667, \"维生素B1(硫胺素)\": 0.778704484, \"维生素B2(核黄素)\": 0.652289034, \"维生素B6(吡哆醇)\": 3.303159336, \"维生素B12(钴胺素)\": 0.8122914, \"维生素C(抗坏血酸)\": 20.8807584, \"烟酸(烟酰胺/尼克酸)\": 44.91729168}','2024-07-01 09:00:00'),(9,1,1,5,'{\"5\": 100.0}','{\"硒\": 6.0, \"磷\": 45.6, \"钙\": 21.6, \"钠\": 101.4, \"钾\": 64.8, \"铁\": 0.84, \"铜\": 0.03, \"锌\": 0.54, \"锰\": 0.018, \"镁\": 4.2, \"叶酸\": 51.6, \"脂肪\": 9.84, \"胆固醇\": 61.8, \"蛋白质\": 14.34, \"维生素A\": 22.2, \"维生素D\": 0.12, \"维生素E\": 0.192, \"热量 kcal\": 152.4, \"碳水化合物\": 1.62, \"饱和脂肪(酸)\": 2.28, \"不饱和脂肪酸\": 7.08, \"单不饱和脂肪酸\": 5.04, \"多不饱和脂肪酸\": 2.04, \"维生素B1(硫胺素)\": 0.006, \"维生素B2(核黄素)\": 0.078, \"维生素B12(钴胺素)\": 0.282, \"烟酸(烟酰胺/尼克酸)\": 1.44}','2024-06-27 05:00:00'),(10,1,1,16,'{\"16\": 378.667}','{\"硒\": 0.615333875, \"碘\": 6.768672625, \"磷\": 83.070073125, \"钙\": 33.843363125, \"钠\": 24.613355, \"钾\": 713.787295, \"铁\": 1.23066775, \"铜\": 0.3076669375, \"锌\": 0.70763395625, \"锰\": 0.21536685625, \"镁\": 36.9200325, \"叶酸\": 30.76669375, \"嘌呤\": 33.843363125, \"生物素\": 1.23066775, \"蛋白质\": 3.3843363125, \"维生素A\": 55.38004875, \"维生素E\": 6.8302060125, \"热量 kcal\": 141.52679125, \"胡萝卜素\": 646.10056875, \"膳食纤维\": 0.9230008125, \"碳水化合物\": 31.382027625, \"维生素B1(硫胺素)\": 0.0615333875, \"维生素B2(核黄素)\": 0.0615333875, \"维生素B6(吡哆醇)\": 0.15383346875, \"维生素C(抗坏血酸)\": 30.76669375, \"烟酸(烟酰胺/尼克酸)\": 1.846001625}','2024-06-30 18:20:00'),(11,1,1,4,'{\"4\": 308.0}','{\"硒\": 20.90088, \"磷\": 225.8256, \"钙\": 19.2192, \"钠\": 122.5224, \"钾\": 492.492, \"铁\": 2.16216, \"锌\": 1.009008, \"锰\": 0.024024, \"镁\": 40.8408, \"嘌呤\": 331.5312, \"胆碱\": 30.27024, \"脂肪\": 27.6276, \"生物素\": 11.29128, \"胆固醇\": 194.5944, \"蛋白质\": 45.6456, \"维生素A\": 67.2672, \"维生素E\": 1.057056, \"热量 kcal\": 485.2848, \"n-3脂肪酸\": 0.48048, \"碳水化合物\": 13.2132, \"饱和脂肪(酸)\": 13.45344, \"不饱和脂肪酸\": 12.49248, \"单不饱和脂肪酸\": 12.25224, \"多不饱和脂肪酸\": 0.24024, \"维生素B2(核黄素)\": 0.12012, \"维生素B6(吡哆醇)\": 1.273272, \"维生素B12(钴胺素)\": 0.912912, \"烟酸(烟酰胺/尼克酸)\": 10.474464}','2024-06-30 19:30:00');
/*!40000 ALTER TABLE `eating_diary` ENABLE KEYS */;
UNLOCK TABLES;

--
-- Table structure for table `favorite`
--

DROP TABLE IF EXISTS `favorite`;
/*!40101 SET @saved_cs_client     = @@character_set_client */;
/*!50503 SET character_set_client = utf8mb4 */;
CREATE TABLE `favorite` (
                            `favorite_id` int NOT NULL AUTO_INCREMENT COMMENT '收藏id',
                            `user_id` int NOT NULL COMMENT '用户id',
                            `file_uri` char(60) NOT NULL COMMENT '多媒体文件',
                            `f_name` char(30) CHARACTER SET utf8mb3 COLLATE utf8mb3_general_ci NOT NULL COMMENT '名称',
                            `refer` char(200) CHARACTER SET utf8mb3 COLLATE utf8mb3_general_ci DEFAULT NULL COMMENT '描述',
                            `authority` tinyint NOT NULL DEFAULT '1' COMMENT '权限 1：私有收藏夹 2：公开菜单收藏夹',
                            `id_category` tinyint NOT NULL DEFAULT '2' COMMENT '收藏类型 1：食材 2：食谱 3：菜单',
                            PRIMARY KEY (`favorite_id`),
                            KEY `favorite_user_user_id_fk` (`user_id`),
                            CONSTRAINT `favorite_user_user_id_fk` FOREIGN KEY (`user_id`) REFERENCES `user` (`user_id`)
) ENGINE=InnoDB AUTO_INCREMENT=49 DEFAULT CHARSET=utf8mb4 COLLATE=utf8mb4_0900_ai_ci COMMENT='收藏';
/*!40101 SET character_set_client = @saved_cs_client */;

--
-- Dumping data for table `favorite`
--

LOCK TABLES `favorite` WRITE;
/*!40000 ALTER TABLE `favorite` DISABLE KEYS */;
INSERT INTO `favorite` VALUES (1,1,'1.jpg','Merry Christmas','Merry Christmas,亲爱的朋友们，圣诞虽然不是中国的传统节日，但是圣诞的欢快氛围却感染着每一个人，姜饼屋，小饼干，还有美味的圣诞大餐，都为我们这个冬日增加了温暖和欢乐！',1,2),(2,1,'2.jpg','极速早餐 懒人必看','吃早餐是件正经事，把早餐吃出花样和艳羡，也是一种独特的技能！',2,2),(3,1,'3.jpg','梦幻果酱：吃剩水果的华丽变身','夏日水果不宜储藏，一不小心买多了，放久了，眼看着就要坏掉了。别急，这有一招，让你一秒解决吃不掉的水果。锵锵锵...就是把它做成果酱，草莓、百香果、杨梅、猕猴桃、蔓越莓、苹果等等水果，只要你想的到的，都可以完美地变成酸甜可口的果酱，装在玻璃瓶子里，又美又诱人。值得一试哦~~',2,2),(4,1,'4.jpg','仲夏端午，粽享新意','又是一年端午节，粽子自然是必不可少。 说起粽子，你能想到什么样的？吃惯了甜粽或是咸粽的你，有没有尝试过其他风味呢？比如梅干菜口味的，蛋黄的，还有用西米做的水晶粽等，其实不仅粽子的味道和原料有多种变化，它的做法也是能千奇百怪哦。 这个端午，让我们一起粽享新意吧~',2,2),(5,1,'5.jpg','N款经典小零食自制法','零食是永远戒不掉的美味，那些让人吃了再吃的小零食，既有童年的回忆，也记录了生活的酸甜......其实，闲暇之余自己动手做一款最爱的，跟家人朋友一起分享，也是惬事一桩呢~~',2,2),(6,1,'6.jpg','当水果恋上芝士','水果：当我爱上你，你不会有任何感觉 芝士：为什么 水果：你已经习惯，我的陪伴',2,2),(7,1,'202406260613534044cfdddfbba0d46a08ee69959c5be4bdf.png','1','1111111111111111',1,1),(8,1,'20240626063324452a4e25a44f1e64cf3b420e18488e693d4.png','健康的食材','标签超级多',1,1);
/*!40000 ALTER TABLE `favorite` ENABLE KEYS */;
UNLOCK TABLES;

--
-- Table structure for table `favorite_item`
--

DROP TABLE IF EXISTS `favorite_item`;
/*!40101 SET @saved_cs_client     = @@character_set_client */;
/*!50503 SET character_set_client = utf8mb4 */;
CREATE TABLE `favorite_item` (
                                 `favorite_item_id` int NOT NULL AUTO_INCREMENT COMMENT '收藏项目id',
                                 `favorite_id` int NOT NULL COMMENT '收藏id',
                                 `t_id` int NOT NULL COMMENT '目标id',
                                 PRIMARY KEY (`favorite_item_id`),
                                 UNIQUE KEY `favorite_item_pk` (`favorite_id`,`t_id`)
) ENGINE=InnoDB AUTO_INCREMENT=88 DEFAULT CHARSET=utf8mb4 COLLATE=utf8mb4_0900_ai_ci COMMENT='收藏项目';
/*!40101 SET character_set_client = @saved_cs_client */;

--
-- Dumping data for table `favorite_item`
--

LOCK TABLES `favorite_item` WRITE;
/*!40000 ALTER TABLE `favorite_item` DISABLE KEYS */;
INSERT INTO `favorite_item` VALUES (87,1,1),(75,2,5),(76,4,2),(74,5,3),(86,8,5),(56,43,1),(83,47,25),(79,47,28),(78,47,29),(82,47,31),(77,47,32),(80,47,38),(81,47,48);
/*!40000 ALTER TABLE `favorite_item` ENABLE KEYS */;
UNLOCK TABLES;

--
-- Table structure for table `ingredient`
--

DROP TABLE IF EXISTS `ingredient`;
/*!40101 SET @saved_cs_client     = @@character_set_client */;
/*!50503 SET character_set_client = utf8mb4 */;
CREATE TABLE `ingredient` (
                              `Ingredient_id` int NOT NULL AUTO_INCREMENT COMMENT '食材id',
                              `user_id` int NOT NULL COMMENT '创建用户id',
                              `i_name` char(30) CHARACTER SET utf8mb3 COLLATE utf8mb3_general_ci NOT NULL COMMENT '名称',
                              `file_uri` char(60) DEFAULT NULL COMMENT '多媒体文件',
                              `refer` char(200) CHARACTER SET utf8mb3 COLLATE utf8mb3_general_ci DEFAULT NULL COMMENT '描述',
                              `unit` char(10) CHARACTER SET utf8mb3 COLLATE utf8mb3_general_ci DEFAULT NULL COMMENT '单位',
                              `quantity` json DEFAULT NULL COMMENT '量',
                              `nutritional_composition` json DEFAULT NULL COMMENT '营养成分 默认净含量100g来计算',
                              `allergy` char(200) CHARACTER SET utf8mb3 COLLATE utf8mb3_general_ci DEFAULT NULL COMMENT '过敏信息',
                              `content` double NOT NULL DEFAULT '1' COMMENT '净含量',
                              PRIMARY KEY (`Ingredient_id`),
                              KEY `ingredient_user_user_id_fk` (`user_id`),
                              CONSTRAINT `ingredient_user_user_id_fk` FOREIGN KEY (`user_id`) REFERENCES `user` (`user_id`)
) ENGINE=InnoDB AUTO_INCREMENT=49 DEFAULT CHARSET=utf8mb4 COLLATE=utf8mb4_0900_ai_ci COMMENT='食材';
/*!40101 SET character_set_client = @saved_cs_client */;

--
-- Dumping data for table `ingredient`
--

LOCK TABLES `ingredient` WRITE;
/*!40000 ALTER TABLE `ingredient` DISABLE KEYS */;
INSERT INTO `ingredient` VALUES (1,1,'香蕉','1.jpg','香蕉的营养价值具有降低血压、缓解抽筋、改善便秘，香蕉中含钾较高，能够起到通便，润肺化肠作用。\n在食用香蕉期间避免空腹，可以在饭后半个小时后食用，还可以达到减肥功效。','g','{\"根\": 150, \"根（大）\": 210, \"根（小）\": 110}','{\"硒\": 0.9, \"碘\": 2.5, \"磷\": 28, \"钙\": 7, \"钠\": 1, \"钾\": 256, \"铁\": 0.4, \"铜\": 0.14, \"锌\": 0.18, \"锰\": 0.65, \"镁\": 43, \"叶酸\": 20, \"果糖\": 8.8, \"泛酸\": 0.34, \"脂肪\": 0.2, \"生物素\": 2.5, \"蛋白质\": 1.4, \"维生素A\": 5, \"维生素E\": 0.24, \"热量 kcal\": 93, \"胡萝卜素\": 60, \"膳食纤维\": 1.2, \"碳水化合物\": 22, \"维生素B1(硫胺素)\": 0.02, \"维生素B2(核黄素)\": 0.04, \"维生素C(抗坏血酸)\": 8.0, \"烟酸(烟酰胺/尼克酸)\": 0.7}',NULL,0.593333),(2,1,'拐杖糖','2.jpg',NULL,'g','{\"根\": 12, \"盒\": 144}','{\"热量 kcal\": 401, \"碳水化合物\": 98.5}',NULL,1),(3,1,'糖粒','3.jpg',NULL,'g','{\"撮\": 5}','{\"热量 kcal\": 401, \"碳水化合物\": 98.5}',NULL,1),(4,1,'鸡翅','4.jpg','鸡翅是鸡的前肢部分，肉质鲜嫩且富有胶原蛋白，特别适合烤、炸或红烧，味道鲜美，是很多人喜爱的美味佳肴。','g','{\"个\": 90}','{\"硒\": 8.7, \"磷\": 94, \"钙\": 8, \"钠\": 51, \"钾\": 205, \"铁\": 0.9, \"锌\": 0.42, \"锰\": 0.01, \"镁\": 17, \"嘌呤\": 138, \"胆碱\": 12.6, \"脂肪\": 11.5, \"生物素\": 4.7, \"胆固醇\": 81, \"蛋白质\": 19.0, \"维生素A\": 28, \"维生素E\": 0.44, \"热量 kcal\": 202, \"n-3脂肪酸\": 0.2, \"碳水化合物\": 5.5, \"饱和脂肪(酸)\": 5.6, \"不饱和脂肪酸\": 5.2, \"单不饱和脂肪酸\": 5.1, \"多不饱和脂肪酸\": 0.1, \"维生素B2(核黄素)\": 0.05, \"维生素B6(吡哆醇)\": 0.53, \"维生素B12(钴胺素)\": 0.38, \"烟酸(烟酰胺/尼克酸)\": 4.36}',NULL,0.78),(5,1,'鸡爪','5.jpg','鸡爪含有丰富的胶原蛋白，适合卤制、红烧或做成凉拌菜，口感滑嫩且富有嚼劲。','g','{\"只\": 50}','{\"硒\": 10.0, \"磷\": 76, \"钙\": 36, \"钠\": 169, \"钾\": 108, \"铁\": 1.4, \"铜\": 0.05, \"锌\": 0.9, \"锰\": 0.03, \"镁\": 7, \"叶酸\": 86, \"脂肪\": 16.4, \"胆固醇\": 103, \"蛋白质\": 23.9, \"维生素A\": 37, \"维生素D\": 0.2, \"维生素E\": 0.32, \"热量 kcal\": 254, \"碳水化合物\": 2.7, \"饱和脂肪(酸)\": 3.8, \"不饱和脂肪酸\": 11.8, \"单不饱和脂肪酸\": 8.4, \"多不饱和脂肪酸\": 3.4, \"维生素B1(硫胺素)\": 0.01, \"维生素B2(核黄素)\": 0.13, \"维生素B12(钴胺素)\": 0.47, \"烟酸(烟酰胺/尼克酸)\": 2.4}',NULL,0.6),(6,1,'土豆','6.jpg','土豆是淀粉丰富的根茎类蔬菜，口感绵软多样，可以蒸、煮、炒、炸，用于各种菜肴中，是家常菜的常客。','g','{\"个\": 230}','{\"硒\": 0.5, \"碘\": 1.2, \"磷\": 46, \"钙\": 7, \"钠\": 6, \"钾\": 347, \"铁\": 0.4, \"铜\": 0.09, \"锌\": 0.3, \"锰\": 0.1, \"镁\": 24, \"叶酸\": 16, \"嘌呤\": 13, \"泛酸\": 0.3, \"脂肪\": 0.2, \"生物素\": 4.2, \"蛋白质\": 2.6, \"维生素A\": 1, \"维生素E\": 0.34, \"热量 kcal\": 81, \"胡萝卜素\": 6, \"膳食纤维\": 1.1, \"碳水化合物\": 17.8, \"维生素B1(硫胺素)\": 0.1, \"维生素B2(核黄素)\": 0.02, \"维生素C(抗坏血酸)\": 14.0, \"烟酸(烟酰胺/尼克酸)\": 1.1}',NULL,0.94),(7,1,'胡萝卜','7.jpg','胡萝卜颜色鲜艳，富含β-胡萝卜素和维生素A，适合生吃、炒制或做汤，带有自然的甜味。','g','{\"根\": 265, \"片\": 10}','{\"硒\": 0.6, \"碘\": 1.2, \"磷\": 38, \"钙\": 27, \"钠\": 121, \"钾\": 119, \"铁\": 0.3, \"铜\": 0.07, \"锌\": 0.22, \"锰\": 0.08, \"镁\": 18, \"叶酸\": 20, \"嘌呤\": 2, \"泛酸\": 0.27, \"脂肪\": 0.2, \"生物素\": 3.1, \"蛋白质\": 1.0, \"维生素A\": 342, \"维生素E\": 0.31, \"热量 kcal\": 32, \"原花青素\": 256.36, \"胡萝卜素\": 4107, \"膳食纤维\": 2.4, \"碳水化合物\": 8.1, \"维生素B2(核黄素)\": 0.02, \"维生素B6(吡哆醇)\": 0.22, \"维生素C(抗坏血酸)\": 9.0}',NULL,0.97),(8,1,'玉米','8.jpg','玉米是营养丰富的谷物，有甜玉米和糯玉米之分，可以煮熟吃，也可以加入汤、沙拉或做成玉米饼。','g','{\"根\": 142}','{\"磷\": 84, \"钙\": 3, \"钠\": 2, \"钾\": 269, \"铁\": 0.6, \"锌\": 0.6, \"镁\": 34, \"叶酸\": 27, \"脂肪\": 2.5, \"蛋白质\": 3.3, \"维生素A\": 18, \"维生素E\": 0.75, \"热量 kcal\": 107, \"膳食纤维\": 4.7, \"碳水化合物\": 17.8, \"饱和脂肪(酸)\": 0.7, \"维生素B1(硫胺素)\": 0.13, \"维生素B2(核黄素)\": 0.1, \"维生素B6(吡哆醇)\": 0.2, \"维生素C(抗坏血酸)\": 5.4, \"烟酸(烟酰胺/尼克酸)\": 1.84}',NULL,0.61),(9,1,'生抽','9.jpg','生抽是用于调味的酱油，颜色较浅，味道鲜美，适合用于炒菜或做蘸料。','g','{\"勺\": 5}','{\"碘\": 1.3, \"钠\": 7247, \"脂肪\": 0.1, \"蛋白质\": 4.8, \"热量 kcal\": 20}',NULL,1),(10,1,'老抽','10.jpg','老抽是一种较深色的酱油，主要用来给菜肴上色，同时也带有丰富的咸鲜味。','g','{\"勺\": 5}','{\"钠\": 1032, \"蛋白质\": 0.8, \"热量 kcal\": 16, \"碳水化合物\": 2.9}',NULL,1),(11,1,'黄豆酱','11.jpg','黄豆酱由发酵黄豆制成，味道浓郁，适合做酱料或用作调味，增加菜肴的鲜味。','g','{\"勺\": 15}','{\"钠\": 3930, \"脂肪\": 4.6, \"蛋白质\": 7.5, \"热量 kcal\": 126, \"碳水化合物\": 13.4}',NULL,1),(12,1,'盐','12.jpg','盐是最常用的调味品，能够提升食材的鲜味，是烹饪中不可或缺的基本调料。','g','{\"勺\": 6}','{\"氯\": 59900, \"硒\": 1, \"碘\": 3500, \"钠\": 39311}',NULL,1),(13,1,'冰糖','13.jpg','冰糖比普通糖更纯净，常用于糖水、甜汤或炖煮中，能增加菜肴的甜味和光泽。','g','{\"把\": 10}','{\"钙\": 23, \"钠\": 3, \"钾\": 1, \"铁\": 1.4, \"铜\": 0.03, \"锌\": 0.21, \"镁\": 2, \"热量 kcal\": 397, \"碳水化合物\": 99.3, \"维生素B1(硫胺素)\": 0.03, \"维生素B2(核黄素)\": 0.03}',NULL,1),(14,1,'啤酒','14.jpg','啤酒不仅是饮品，也可以用于烹饪，特别是炖肉或海鲜，能增添独特的麦芽香味和柔嫩口感。','ml','{\"瓶\": 500}','{\"蛋白质\": 0.4, \"热量 kcal\": 38, \"碳水化合物\": 3.1}',NULL,1),(15,1,'洋葱','15.jpg','洋葱味道辛辣，有层次感，既可以生吃，也可以炒制或烤制，常用于增添菜肴的香味和甜味。','g','{\"个(小)\": 100}','{\"氯\": 54, \"硒\": 0.9, \"碘\": 1.2, \"磷\": 39, \"钙\": 24, \"钠\": 4, \"钾\": 147, \"铁\": 0.6, \"铜\": 0.05, \"锌\": 0.23, \"锰\": 0.14, \"镁\": 15, \"叶酸\": 16, \"泛酸\": 0.12, \"热量\": 40, \"脂肪\": 0.2, \"生物素\": 1.0, \"蛋白质\": 1.1, \"维生素A\": 2, \"维生素E\": 0.14, \"原花青素\": 4.0, \"胡萝卜素\": 20, \"膳食纤维\": 0.9, \"碳水化合物\": 9.0, \"维生素B1(硫胺素)\": 0.03, \"维生素B2(核黄素)\": 0.03, \"维生素B6(吡哆醇)\": 0.12, \"维生素C(抗坏血酸)\": 8.0, \"烟酸(烟酰胺/尼克酸)\": 0.3}',NULL,0.91),(16,1,'樱桃','16.jpg',NULL,'g','{\"颗（大）\": 16, \"颗（小）\": 10}','{\"硒\": 0.2, \"碘\": 2.2, \"磷\": 27, \"钙\": 11, \"钠\": 8, \"钾\": 232, \"铁\": 0.4, \"铜\": 0.1, \"锌\": 0.23, \"锰\": 0.07, \"镁\": 12, \"叶酸\": 10, \"嘌呤\": 11, \"生物素\": 0.4, \"蛋白质\": 1.1, \"维生素A\": 18, \"维生素E\": 2.22, \"热量 kcal\": 46, \"胡萝卜素\": 210, \"膳食纤维\": 0.3, \"碳水化合物\": 10.2, \"维生素B1(硫胺素)\": 0.02, \"维生素B2(核黄素)\": 0.02, \"维生素B6(吡哆醇)\": 0.05, \"维生素C(抗坏血酸)\": 10, \"烟酸(烟酰胺/尼克酸)\": 0.6}',NULL,0.8125),(17,1,'总统 喷射调制稀奶油','17.jpg','食怀总统喷射奶油罐装大瓶即食免打发动物稀奶油咖啡奶茶雪顶烘焙原料','g','{\"瓶\": 250}','{\"钠\": 31, \"脂肪\": 20, \"蛋白质\": 2.5, \"热量 kcal\": 236, \"碳水化合物\": 12}','含有乳成分',1),(18,1,'巧克力','18.jpg',NULL,'g','{\"块\": 12, \"块（小）\": 5}','{\"硒\": 1.2, \"磷\": 114, \"钙\": 111, \"钠\": 112, \"钾\": 254, \"铁\": 1.7, \"铜\": 0.23, \"锌\": 1.02, \"锰\": 0.61, \"镁\": 56, \"脂肪\": 40.1, \"蛋白质\": 4.3, \"维生素E\": 1.62, \"热量 kcal\": 589, \"膳食纤维\": 1.5, \"碳水化合物\": 53.4, \"维生素B1(硫胺素)\": 0.06, \"维生素B2(核黄素)\": 0.08, \"烟酸(烟酰胺/尼克酸)\": 1.4}',NULL,1),(22,1,'全麦吐司','22.jpg','全麦吐司是用全麦粉制作的面包，富含纤维和营养，口感较为扎实，适合做三明治或早餐食用。','g','{\"片\": 50}','{\"硒\": 19.9, \"磷\": 212, \"钙\": 163, \"钠\": 449, \"钾\": 250, \"铁\": 2.6, \"铜\": 0.23, \"锌\": 1.76, \"锰\": 0.35, \"镁\": 77, \"脂肪\": 3.6, \"生物素\": 6.3, \"蛋白质\": 12.3, \"维生素E\": 0.54, \"维生素K\": 7.8, \"热量 kcal\": 254, \"n-3脂肪酸\": 42, \"膳食纤维\": 6.0, \"碳水化合物\": 43.1, \"饱和脂肪(酸)\": 0.7, \"不饱和脂肪酸\": 2.2, \"单不饱和脂肪酸\": 0.6, \"多不饱和脂肪酸\": 1.6, \"维生素B1(硫胺素)\": 0.39, \"维生素B2(核黄素)\": 0.17, \"维生素B6(吡哆醇)\": 0.22, \"烟酸(烟酰胺/尼克酸)\": 4.43}','小麦过敏或麸质不耐受',1),(23,1,'番茄','23.jpg','番茄汁多味美，富含维生素C和番茄红素，可以生吃、炒制、做汤或酱料，百搭的健康蔬菜。','g','{\"片\": 10, \"个(中)\": 170, \"个(大)\": 220, \"个(小)\": 110}','{\"碘\": 2.5, \"磷\": 24, \"钙\": 4, \"钠\": 10, \"钾\": 179, \"铁\": 0.2, \"铜\": 0.04, \"锌\": 0.12, \"锰\": 0.06, \"镁\": 12, \"叶酸\": 8, \"嘌呤\": 17, \"泛酸\": 0.09, \"脂肪\": 0.2, \"生物素\": 2.3, \"蛋白质\": 0.9, \"维生素A\": 31, \"维生素E\": 0.42, \"热量 kcal\": 15, \"胡萝卜素\": 375, \"膳食纤维\": 1.0, \"碳水化合物\": 3.3, \"维生素B1(硫胺素)\": 0.02, \"维生素B2(核黄素)\": 0.01, \"维生素C(抗坏血酸)\": 14.0, \"烟酸(烟酰胺/尼克酸)\": 0.49}',NULL,0.97),(24,1,'鸡蛋','24.jpg','鸡蛋营养丰富，蛋白质含量高，煎、煮、炒、蒸均可，几乎是所有菜系中常见的食材。','g','{\"颗(中)\": 60, \"颗(大)\": 70, \"颗(小)\": 50}','{\"硒\": 14.0, \"碘\": 22.5, \"磷\": 130, \"钙\": 56, \"钠\": 132, \"钾\": 154, \"铁\": 1.6, \"铜\": 0.19, \"锌\": 0.89, \"锰\": 0.03, \"镁\": 10, \"叶酸\": 113, \"嘌呤\": 1, \"泛酸\": 1.53, \"脂肪\": 8.6, \"胆固醇\": 648, \"蛋白质\": 13.1, \"维生素A\": 255, \"维生素D\": 2.0, \"维生素E\": 1.14, \"维生素K\": 0.4, \"热量 kcal\": 139, \"n-3脂肪酸\": 0.13, \"碳水化合物\": 2.4, \"饱和脂肪(酸)\": 4.6, \"不饱和脂肪酸\": 2.4, \"单不饱和脂肪酸\": 1.9, \"多不饱和脂肪酸\": 0.5, \"维生素B1(硫胺素)\": 0.09, \"维生素B2(核黄素)\": 0.2, \"维生素B6(吡哆醇)\": 0.17, \"维生素B12(钴胺素)\": 0.89, \"烟酸(烟酰胺/尼克酸)\": 0.2}',NULL,0.96),(25,1,'鸡胸肉','25.jpg','鸡胸肉低脂高蛋白，肉质细嫩，适合煎、炒、烤或做沙拉，是健康饮食中的常见选择。','g','{\"块\": 120}','{\"硒\": 11.8, \"碘\": 2.3, \"磷\": 170, \"钙\": 1, \"钠\": 45, \"钾\": 333, \"铁\": 1.0, \"铜\": 0.01, \"锌\": 0.26, \"锰\": 0.01, \"镁\": 28, \"嘌呤\": 208, \"胆碱\": 13.8, \"脂肪\": 1.9, \"生物素\": 1.5, \"胆固醇\": 65, \"蛋白质\": 24.6, \"维生素A\": 3, \"维生素E\": 0.41, \"热量 kcal\": 118, \"n-3脂肪酸\": 0.03, \"碳水化合物\": 0.6, \"饱和脂肪(酸)\": 1.0, \"不饱和脂肪酸\": 0.8, \"单不饱和脂肪酸\": 0.7, \"多不饱和脂肪酸\": 0.1, \"维生素B1(硫胺素)\": 0.07, \"维生素B2(核黄素)\": 0.06, \"维生素B6(吡哆醇)\": 0.81, \"烟酸(烟酰胺/尼克酸)\": 11.96}',NULL,1),(26,1,'生菜','26.jpg','生菜清脆爽口，常用于沙拉或生吃，也可以用作卷菜的配料，富含纤维和维生素。','g','{\"棵\": 180, \"片\": 20, \"盘\": 400, \"碗\": 250}','{\"硒\": 0.05882, \"碘\": 3.4, \"磷\": 12, \"钙\": 14, \"钠\": 16, \"钾\": 91, \"铁\": 0.2, \"铜\": 0.01, \"锌\": 0.12, \"锰\": 0.06, \"镁\": 7, \"脂肪\": 0.4, \"生物素\": 0.8, \"蛋白质\": 1.6, \"维生素A\": 2, \"热量 kcal\": 12, \"胡萝卜素\": 26, \"碳水化合物\": 1.1, \"维生素B1(硫胺素)\": 0.02, \"维生素B2(核黄素)\": 0.01}',NULL,0.98),(27,1,'花生油','27.jpg','花生油香气浓郁，适合炒菜、煎炸，能为菜肴增添特有的香味。','g','{\"勺\": 10}','{\"磷\": 15, \"钙\": 12, \"钠\": 4, \"钾\": 1, \"铁\": 2.9, \"铜\": 0.15, \"锌\": 0.48, \"锰\": 0.33, \"镁\": 2, \"脂肪\": 99.9, \"维生素E\": 42.06, \"热量 kcal\": 899, \"n-3脂肪酸\": 0.29, \"饱和脂肪(酸)\": 18.4, \"不饱和脂肪酸\": 75.5, \"单不饱和脂肪酸\": 42.5, \"多不饱和脂肪酸\": 33.0}','花生过敏',1),(28,1,'黄瓜','28.jpg','黄瓜清脆多汁，可以生吃、凉拌或炒制，常用于沙拉和各种清爽菜肴。','g','{\"块\": 10, \"根（大）\": 200, \"根（小）\": 130}','{\"硒\": 0.4, \"碘\": 0.2, \"磷\": 24, \"钙\": 24, \"钠\": 5, \"钾\": 102, \"铁\": 0.5, \"铜\": 0.05, \"锌\": 0.18, \"锰\": 0.06, \"镁\": 15, \"叶酸\": 9, \"嘌呤\": 11, \"泛酸\": 0.26, \"脂肪\": 0.2, \"蛋白质\": 0.8, \"维生素A\": 8, \"维生素E\": 0.49, \"热量 kcal\": 16, \"n-3脂肪酸\": 0.01, \"胡萝卜素\": 90, \"膳食纤维\": 0.5, \"碳水化合物\": 2.9, \"维生素B1(硫胺素)\": 0.02, \"维生素B2(核黄素)\": 0.03, \"维生素B6(吡哆醇)\": 0.04, \"维生素C(抗坏血酸)\": 9.0, \"烟酸(烟酰胺/尼克酸)\": 0.2}',NULL,1),(29,1,'黑胡椒粉','29.jpg','黑胡椒粉辛辣芳香，适合用于腌制、炒菜或做汤，增添菜肴的风味和层次感。','g','{\"勺\": 5}','{\"磷\": 182, \"钙\": 326, \"钠\": 7, \"钾\": 1280, \"铁\": 6.9, \"锌\": 1.1, \"镁\": 165, \"脂肪\": 6.7, \"蛋白质\": 11.6, \"维生素A\": 379, \"维生素E\": 35.55, \"热量 kcal\": 372, \"膳食纤维\": 22.5, \"碳水化合物\": 67.7, \"饱和脂肪(酸)\": 4.9, \"不饱和脂肪酸\": 1.9, \"单不饱和脂肪酸\": 0.8, \"多不饱和脂肪酸\": 1.1, \"维生素B1(硫胺素)\": 0.03, \"维生素B2(核黄素)\": 0.29, \"维生素B6(吡哆醇)\": 0.13, \"维生素C(抗坏血酸)\": 1.21, \"烟酸(烟酰胺/尼克酸)\": 1.05}',NULL,1),(30,1,'蚝油','30.jpg','蚝油是一种以蚝为原料制成的调味品，味道鲜美，适合炒菜或做蘸料，使菜肴更为美味。','g','{\"勺\": 10}','{\"碘\": 13.1, \"磷\": 7, \"钙\": 40, \"钠\": 3790, \"钾\": 210, \"铁\": 3.9, \"铜\": 0.36, \"锌\": 0.9, \"锰\": 0.04, \"镁\": 24, \"叶酸\": 7, \"嘌呤\": 6, \"脂肪\": 1.0, \"蛋白质\": 2.8, \"热量 kcal\": 114, \"膳食纤维\": 0.6, \"碳水化合物\": 21.0, \"维生素B12(钴胺素)\": 1.59}','贝类致敏原',1),(31,1,'黑胡椒','31.jpg','黑胡椒是烹饪中常用的香料，带有辛辣和微甜的风味，可以现磨使用，增添菜肴的香气。','g','{\"勺\": 10}','{\"硒\": 4.9, \"磷\": 158, \"钙\": 433, \"钠\": 20, \"钾\": 1330, \"铁\": 9.7, \"铜\": 1.33, \"锌\": 1.19, \"锰\": 12.8, \"镁\": 171, \"叶酸\": 17, \"泛酸\": 1.4, \"胆碱\": 11.3, \"脂肪\": 3.3, \"蛋白质\": 10.4, \"维生素K\": 164, \"热量 kcal\": 311, \"膳食纤维\": 0.6, \"碳水化合物\": 64, \"单不饱和脂肪酸\": 0.7, \"多不饱和脂肪酸\": 1.0, \"维生素B1(硫胺素)\": 0.11, \"维生素B2(核黄素)\": 0.18, \"维生素B6(吡哆醇)\": 0.29, \"烟酸(烟酰胺/尼克酸)\": 1.44}',NULL,1),(32,1,'小葱','32.jpg','葱具有辛辣的香味，是做菜的基础调料之一，可以生吃、炒制或做汤，增添菜肴的鲜香。','g','{\"把\": 15}','{\"硒\": 1.1, \"磷\": 26, \"钙\": 72, \"钠\": 10, \"钾\": 143, \"铁\": 1.3, \"铜\": 0.06, \"锌\": 0.35, \"锰\": 0.16, \"镁\": 18, \"叶酸\": 26, \"嘌呤\": 25, \"泛酸\": 0.08, \"脂肪\": 0.4, \"蛋白质\": 1.6, \"维生素A\": 70, \"维生素E\": 0.49, \"热量 kcal\": 27, \"胡萝卜素\": 840, \"膳食纤维\": 1.4, \"碳水化合物\": 4.9, \"维生素B1(硫胺素)\": 0.05, \"维生素B2(核黄素)\": 0.06, \"维生素C(抗坏血酸)\": 21.0, \"烟酸(烟酰胺/尼克酸)\": 0.4}',NULL,0.93),(33,1,'姜','33.jpg','姜味辛辣，有暖身作用，常用于炖煮、炒菜或做汤，增加菜肴的深层风味。','g','{\"片\": 1}','{\"硒\": 0.6, \"碘\": 4.3, \"磷\": 25, \"钙\": 27, \"钠\": 15, \"钾\": 295, \"铁\": 1.4, \"铜\": 0.14, \"锌\": 0.34, \"锰\": 3.2, \"镁\": 44, \"叶酸\": 4, \"泛酸\": 0.2, \"脂肪\": 0.6, \"蛋白质\": 1.3, \"维生素A\": 14, \"热量 kcal\": 46, \"胡萝卜素\": 170, \"膳食纤维\": 2.7, \"碳水化合物\": 10.3, \"维生素B1(硫胺素)\": 0.02, \"维生素B2(核黄素)\": 0.03, \"维生素B6(吡哆醇)\": 0.16, \"维生素C(抗坏血酸)\": 4, \"烟酸(烟酰胺/尼克酸)\": 0.8}',NULL,0.96),(34,1,'圣女果','34.jpg','圣女果是小型的番茄，汁多味甜，常用于沙拉、装饰或作为健康的零食。','g','{\"棵\": 18}','{\"硒\": 0.2, \"磷\": 26, \"钙\": 6, \"钠\": 10, \"钾\": 262, \"铁\": 0.3, \"铜\": 0.04, \"锌\": 0.2, \"锰\": 0.06, \"镁\": 12, \"嘌呤\": 3, \"脂肪\": 0.2, \"生物素\": 2.3, \"蛋白质\": 1.0, \"维生素A\": 28, \"维生素E\": 0.98, \"热量 kcal\": 25, \"胡萝卜素\": 332, \"膳食纤维\": 1.5, \"碳水化合物\": 5.8, \"维生素B1(硫胺素)\": 0.03, \"维生素B2(核黄素)\": 0.02, \"维生素C(抗坏血酸)\": 33.0, \"烟酸(烟酰胺/尼克酸)\": 0.92}',NULL,1),(35,1,'帕马森芝士','35.jpg','帕马森芝士是一种硬质奶酪，味道浓郁、略带坚果香，常用于意大利面、披萨等西餐中，刨丝或块状使用。','g','{}','{\"磷\": 694, \"钙\": 1184, \"钾\": 92, \"铁\": 0.8, \"铜\": 0.03, \"锌\": 2.75, \"锰\": 0.02, \"镁\": 44, \"脂肪\": 25.8, \"胆固醇\": 68, \"蛋白质\": 35.8, \"维生素K\": 1602.0, \"热量 kcal\": 392, \"碳水化合物\": 3.2, \"饱和脂肪(酸)\": 16.4}','乳糖不耐受或对乳制品过敏',1),(36,1,'民夫果 小西米','36.jpg',NULL,'g','{\"包\": 250}','{\"钠\": 75, \"脂肪\": 0.3, \"蛋白质\": 0.3, \"热量 kcal\": 880, \"碳水化合物\": 219.0}',NULL,1),(37,1,'牛奶','37.jpg',NULL,'ml','{\"杯\": 200, \"盒\": 250}','{\"硒\": 1.9, \"碘\": 1.9, \"磷\": 73, \"钙\": 90, \"钠\": 65, \"钾\": 109, \"铁\": 0.3, \"铜\": 0.02, \"锌\": 0.28, \"锰\": 0.03, \"镁\": 11, \"叶酸\": 4, \"嘌呤\": 1, \"胆碱\": 14, \"脂肪\": 3.8, \"胆固醇\": 15, \"蛋白质\": 3.0, \"维生素A\": 54, \"维生素D\": 1.1, \"维生素E\": 0.13, \"热量 kcal\": 66, \"n-3脂肪酸\": 0.02, \"碳水化合物\": 5.0, \"饱和脂肪(酸)\": 1.6, \"不饱和脂肪酸\": 1.3, \"单不饱和脂肪酸\": 1.1, \"多不饱和脂肪酸\": 0.2, \"维生素B1(硫胺素)\": 0.03, \"维生素B2(核黄素)\": 0.12, \"维生素B12(钴胺素)\": 0.54, \"维生素C(抗坏血酸)\": 1.0, \"烟酸(烟酰胺/尼克酸)\": 0.1}',NULL,1),(38,1,'豆沙','38.jpg',NULL,'g','{\"勺\": 20}','{\"硒\": 0.9, \"磷\": 68, \"钙\": 42, \"钠\": 24, \"钾\": 139, \"铁\": 8, \"铜\": 0.13, \"锌\": 0.32, \"锰\": 0.33, \"镁\": 2, \"脂肪\": 1.9, \"蛋白质\": 5.5, \"维生素E\": 4.37, \"热量 kcal\": 247, \"膳食纤维\": 1.7, \"碳水化合物\": 52.7, \"维生素B1(硫胺素)\": 0.03, \"维生素B2(核黄素)\": 0.05, \"烟酸(烟酰胺/尼克酸)\": 0.3}',NULL,1),(39,1,'糖粉','39.jpg',NULL,'g','{}','{\"钙\": 4, \"钠\": 1, \"钾\": 3, \"铁\": 0.2, \"锌\": 0.15, \"镁\": 1, \"叶酸\": 1, \"脂肪\": 0.2, \"维生素A\": 2, \"热量 kcal\": 399, \"碳水化合物\": 99.3, \"维生素B1(硫胺素)\": 0.01, \"维生素B2(核黄素)\": 0.01, \"维生素C(抗坏血酸)\": 0.23, \"烟酸(烟酰胺/尼克酸)\": 0.02}',NULL,1),(40,1,'玉米油','40.jpg',NULL,'g','{\"勺\": 10}','{\"磷\": 18, \"钙\": 1, \"钠\": 1, \"钾\": 2, \"铁\": 1.4, \"铜\": 0.23, \"锌\": 0.26, \"锰\": 0.04, \"镁\": 3, \"脂肪\": 99.2, \"维生素E\": 50.94, \"热量 kcal\": 895, \"n-3脂肪酸\": 0.76, \"碳水化合物\": 0.5, \"饱和脂肪(酸)\": 14, \"不饱和脂肪酸\": 79.3, \"单不饱和脂肪酸\": 29.2, \"多不饱和脂肪酸\": 50.1}',NULL,1),(41,1,'粽叶','41.jpg',NULL,'g','{\"张\": 50}','{}',NULL,0),(43,1,'淡奶油','43.jpg',NULL,'g','{}','{\"氟\": 3.0, \"硒\": 0.5, \"磷\": 61, \"钙\": 69, \"钠\": 34, \"钾\": 97, \"铜\": 0.01, \"锌\": 0.25, \"镁\": 7, \"叶酸\": 4, \"泛酸\": 0.26, \"胆碱\": 16.8, \"脂肪\": 30.9, \"胆固醇\": 111, \"蛋白质\": 2.2, \"维生素A\": 1013, \"维生素D\": 0.6, \"维生素E\": 0.88, \"热量 kcal\": 292, \"碳水化合物\": 3.0, \"饱和脂肪(酸)\": 19.3, \"不饱和脂肪酸\": 10, \"单不饱和脂肪酸\": 9.1, \"多不饱和脂肪酸\": 0.9, \"维生素B1(硫胺素)\": 0.02, \"维生素B2(核黄素)\": 0.13, \"维生素B6(吡哆醇)\": 0.03, \"维生素B12(钴胺素)\": 0.2, \"维生素C(抗坏血酸)\": 0.6, \"烟酸(烟酰胺/尼克酸)\": 0.04}',NULL,1),(44,1,'细砂糖','44.jpg',NULL,'g','{}','{\"磷\": 8, \"钙\": 20, \"钾\": 5, \"铁\": 0.6, \"铜\": 0.04, \"锌\": 0.06, \"锰\": 0.09, \"镁\": 3, \"热量 kcal\": 400, \"碳水化合物\": 99.9}',NULL,1),(45,1,'玉米淀粉','45.jpg',NULL,'g','{}','{\"硒\": 0.7, \"磷\": 25, \"钙\": 18, \"钠\": 6, \"钾\": 8, \"铁\": 4, \"铜\": 0.07, \"锌\": 0.09, \"锰\": 0.05, \"镁\": 6, \"脂肪\": 0.1, \"蛋白质\": 1.2, \"热量 kcal\": 346, \"膳食纤维\": 0.1, \"碳水化合物\": 85, \"维生素B1(硫胺素)\": 0.03, \"维生素B2(核黄素)\": 0.04, \"烟酸(烟酰胺/尼克酸)\": 1.1}',NULL,1),(46,1,'椰蓉','46.jpg',NULL,'g','{}','{\"钠\": 37, \"脂肪\": 66.5, \"蛋白质\": 6.9, \"热量 kcal\": 712, \"碳水化合物\": 23.7}',NULL,1),(47,1,'可可粉','47.jpg',NULL,'g','{\"勺\": 20}','{\"硒\": 4, \"碘\": 4.1, \"磷\": 623, \"钙\": 74, \"钠\": 23, \"钾\": 360, \"铁\": 1, \"铜\": 1.45, \"锌\": 1.12, \"锰\": 0.15, \"镁\": 5, \"叶酸\": 83, \"脂肪\": 8.4, \"蛋白质\": 20.9, \"维生素A\": 22, \"维生素E\": 6.33, \"热量 kcal\": 349, \"膳食纤维\": 14.3, \"碳水化合物\": 54.5, \"饱和脂肪(酸)\": 4.6, \"不饱和脂肪酸\": 3.3, \"单不饱和脂肪酸\": 3, \"多不饱和脂肪酸\": 0.3, \"维生素B1(硫胺素)\": 0.05, \"维生素B2(核黄素)\": 0.16, \"维生素B6(吡哆醇)\": 0.12, \"烟酸(烟酰胺/尼克酸)\": 1.4}',NULL,1),(48,1,'抹茶粉','48.jpg',NULL,'g','{}','{\"磷\": 350, \"钙\": 420, \"钠\": 6, \"钾\": 2700, \"铁\": 17, \"铜\": 0.6, \"锌\": 6.3, \"镁\": 230, \"叶酸\": 1200, \"泛酸\": 3.7, \"脂肪\": 5.3, \"蛋白质\": 29.6, \"维生素A\": 2400, \"维生素E\": 28.1, \"维生素K\": 2900, \"热量 kcal\": 324, \"膳食纤维\": 38.5, \"碳水化合物\": 39.5, \"饱和脂肪(酸)\": 0.7, \"不饱和脂肪酸\": 2.5, \"单不饱和脂肪酸\": 0.3, \"多不饱和脂肪酸\": 2.2, \"维生素B1(硫胺素)\": 0.6, \"维生素B2(核黄素)\": 1.35, \"维生素B6(吡哆醇)\": 0.96, \"维生素C(抗坏血酸)\": 60, \"烟酸(烟酰胺/尼克酸)\": 4}',NULL,1);
/*!40000 ALTER TABLE `ingredient` ENABLE KEYS */;
UNLOCK TABLES;

--
-- Table structure for table `preparation_step`
--

DROP TABLE IF EXISTS `preparation_step`;
/*!40101 SET @saved_cs_client     = @@character_set_client */;
/*!50503 SET character_set_client = utf8mb4 */;
CREATE TABLE `preparation_step` (
                                    `preparation_step_id` int NOT NULL AUTO_INCREMENT COMMENT 'id',
                                    `recipe_id` int NOT NULL COMMENT '食谱id',
                                    `sequence_number` int NOT NULL COMMENT '顺序编号',
                                    `title` char(30) CHARACTER SET utf8mb3 COLLATE utf8mb3_general_ci DEFAULT NULL COMMENT '标题',
                                    `file_uri` char(60) DEFAULT NULL COMMENT '图片路径',
                                    `refer` char(200) CHARACTER SET utf8mb3 COLLATE utf8mb3_general_ci DEFAULT NULL COMMENT '描述',
                                    `required_time` time DEFAULT NULL COMMENT '所需时间',
                                    `required_ingredient` text COMMENT '所需食材  食材1.食材2.食材3.....|+(+表示加上食材1.食材2.食材3.....).食材a.食材b....|食材制作时间的比例1.....(数量需跟第二个一致)',
                                    `summary` char(200) CHARACTER SET utf8mb3 COLLATE utf8mb3_general_ci DEFAULT NULL COMMENT '总结、技巧说明',
                                    PRIMARY KEY (`preparation_step_id`),
                                    KEY `preparation_step_recipe_recipe_id_fk` (`recipe_id`),
                                    CONSTRAINT `preparation_step_recipe_recipe_id_fk` FOREIGN KEY (`recipe_id`) REFERENCES `recipe` (`recipe_id`)
) ENGINE=InnoDB AUTO_INCREMENT=58 DEFAULT CHARSET=utf8mb4 COLLATE=utf8mb4_0900_ai_ci COMMENT='制作步骤';
/*!40101 SET character_set_client = @saved_cs_client */;

--
-- Dumping data for table `preparation_step`
--

LOCK TABLES `preparation_step` WRITE;
/*!40000 ALTER TABLE `preparation_step` DISABLE KEYS */;
INSERT INTO `preparation_step` VALUES (1,1,1,'步骤1','3-2.jpg','香蕉去皮切段','00:07:00','香蕉|+|1','加少许盐进一小盆，香蕉放进去稍微洗一下，马上拿起来。目的是让香蕉不会变黑和不会涩'),(2,1,2,'步骤2','3-3.jpg','插上拐杖糖','00:00:20','拐杖糖|+|1',NULL),(3,1,3,'步骤3','3-4.jpg','融化巧克力','00:01:30','巧克力|+|1',NULL),(4,1,4,'步骤4','3-5.jpg','把（2）裹上一层巧克力，撒上糖，放入冷冻库10分钟','00:11:30','香蕉.巧克力.糖粒|+|1.3.1',NULL),(5,1,5,'步骤5','3-6.jpg','喷上总统 喷射调制稀奶油','00:00:30','总统 喷射调制稀奶油|+|1',NULL),(6,1,6,'步骤6','3-7.jpg','自由发挥','00:01:00','樱桃.盐|+|1.1',NULL),(7,4,1,'步骤1','','首先，剪掉鸡爪的指甲，确保干净利落。然后，把鸡翅和鸡爪彻底洗净。接下来，把它们放入冷水中，加入适量的葱姜和料酒，煮约3分钟进行焯水。这一步能够有效去除鸡翅和鸡爪的腥味和血水。完成后，用漏网将食材捞出，并轻轻沥干水分，以便后续烹饪。','00:30:00','鸡翅.鸡爪|+|1.1','在购买鸡翅和鸡爪时，选择新鲜的食材是至关重要的，因为它直接关系到最终菜品的口感和质量。鸡爪要用盐水泡，否则味道不对，会有腥味的。因此，在购买时，请务必留意食材的新鲜程度，以确保您能够制作出令人满意的佳肴。'),(8,4,2,'步骤2','','把土豆和胡萝卜切成不规则的块状，玉米则切成小段，洋葱切碎。这些配料的加入不仅丰富了菜肴的口感和视觉效果，同时也为菜品增添了更多营养价值。','00:10:00','土豆.红萝卜.玉米.洋葱|+|1.1.1.1',NULL),(9,4,3,'步骤3','1-2.jpg','先将锅预热，再倒入适量的油，随后放入一小把冰糖，以小火慢炒至呈现出诱人的枣红色。接着，将鸡翅和鸡爪加入锅中，不断翻炒直至均匀上色。随后，加入一勺豆瓣酱，继续翻炒至红油溢出。最后，将预先调制好的料汁均匀淋入锅中，与鸡翅和鸡爪充分混合。这样处理，可以确保鸡翅和鸡爪充分吸收料汁的风味。','00:20:00','生抽.老抽.黄豆酱.盐.冰糖|+.鸡翅.鸡爪|1.1.1.1.1.8.8','调制料汁时，可依据个人口味灵活调整调料比例，打造出满意的风味。\n在烹饪过程中，需维持小火慢炖的状态，确保食材能够充分吸收汤汁的鲜美。'),(10,4,4,'步骤4','','将半瓶啤酒与清水混合，水量刚好覆盖食材，然后盖上锅盖，用小火焖煮20分钟。这样做不仅能有效去除鸡翅和鸡爪的腥味，还能为菜品增添独特的香气。在焖煮过程中，务必保持火力适中，确保食材能够充分吸收汤汁的美味。','00:25:00','啤酒|+.鸡翅.鸡爪|1.12.12',NULL),(11,4,5,'步骤5','','在焖煮了20分钟后，我们将切好的配菜加入其中，并继续焖煮15分钟。这样可以让配菜充分吸收汤汁的鲜美。在翻焖的过程中，要特别留意避免糊锅，维持小火慢煮，确保菜品口感完美。','00:15:00','土豆.红萝卜.玉米|+|1.1.1','在烹饪过程中，收汁是一个重要的步骤。为了确保菜肴的口感和外观不受影响，火候的控制显得尤为重要。过高的温度或过长的烹饪时间都可能导致食材糊锅，进而影响整体的风味和美感。因此，在收汁时，我们必须密切关注火候，适时调整，确保烹饪出的菜肴既美味又诱人。'),(12,4,6,'步骤6','1-3.jpg','将切好的洋葱倾入锅中，快速翻炒至微黄，随后转为大火，使汤汁逐渐浓稠。洋葱的添加不仅丰富了菜肴的风味和视觉效果，更是点睛之笔，为菜品增添了一抹独特的香气。在收汁的过程中，火候的掌控至关重要，以防出现糊锅的情况。','00:05:00','洋葱|+.土豆.红萝卜.玉米.鸡翅.鸡爪|1.1.1.2.6.6',NULL),(13,4,7,'步骤7','1-4.jpg','最终，撒上葱花和白芝麻，这道美味的鸡翅鸡爪煲便可上桌了。葱花和白芝麻的点缀不仅丰富了菜品的色彩，还提升了口感，令人垂涎欲滴。经过长时间的慢炖，汤汁变得浓郁，鸡肉软糯脱骨，每一口都充满了满足感。这道佳肴绝对能让你的味蕾得到极致的享受。',NULL,NULL,NULL),(14,5,1,'处理鸡胸肉','2-2.jpg','鸡胸肉先切薄片，薄一点更容易煎熟。在鸡胸肉背面用刀背切横竖多切几刀，但是不要切断，这是为了方便鸡胸肉研制的时候更加入味。先讲奥尔良口味鸡胸肉做法，这个超简单，就是把奥尔良腌料加入鸡胸肉中，抓匀，放保鲜袋密封然后进冷藏一宿就可以啦','12:30:00','鸡胸肉|+|1',NULL),(15,5,2,'腌制鸡胸肉','2-3.jpg','再说黑胡椒口味鸡胸肉腌制方法：鸡胸肉处理同上，1整块鸡胸肉调料比例为：1勺生抽，1勺冒尖蚝油，一平勺黑胡椒，一点点盐，一点点葱花和姜丝去腥（如果家里有料酒直接加料酒去腥也可以，我家有孕妇所以没加料酒^_^）放入保鲜袋密封，进冰箱冷藏腌制入味','06:00:00','鸡胸肉.生抽.耗油.黑胡椒.盐.葱.姜|+|90.1.1.1.1.1.1','腌制奥尔良鸡胸肉的时候可以稍微多放一点调料，因为鸡胸肉是一个三明治调料口味的来源，太淡可能吃不出味道。'),(16,5,3,'准备食材','2-4.jpg','将所需要的食材全部准备好，胡萝卜黄瓜和西红柿切片，我比较能吃，所以各准备了五六片左右，生菜洗净备用。','00:15:00','胡萝卜.黄瓜.番茄|+|1.1.1',NULL),(17,5,4,'煎面包','2-5.jpg','锅底摸一点点花生油，把面包煎至两面金黄。我家里没有黄油所以用的花生油，要是用黄油煎当然更完美啦','00:05:00','花生油|+.全麦吐司|1.10','最好用不粘锅操作哦。煎面包的时候锅里一定不要放太多油，油足够把锅底沾匀保证煎面包不糊锅就可以啦。'),(18,5,5,'煎鸡蛋','2-6.jpg','锅里放油，下鸡蛋煎熟（这是一个不太成功的荷包蛋，但是！不重要！相信我，口感没差的！）','00:05:00','鸡蛋|+.花生油|10.1',NULL),(19,5,6,'煎鸡胸肉','2-7.jpg','用剩的油继续煎熟鸡胸肉，这里鸡胸肉因为切的比较薄所以很好熟，可以用筷子戳一下没有血丝就可以啦，煎至两面金黄出锅备用。','00:10:00','鸡胸肉|+|1',NULL),(20,5,7,'组装三明治','2-8.jpg','底下铺一层保鲜膜，把面包和各种配菜按照自己的喜好铺上去，我的是：面包、生菜、煎蛋、西红柿、生菜、胡萝卜、鸡胸肉、黄瓜、生菜、面包。顺序无所谓，你喜欢就好。底下铺保鲜膜是为了待会为三明治更好的定型而且吃的时候不容易散开。保鲜膜的长度要够覆盖过三明治的。','00:01:00','全麦面包.生菜.鸡蛋.番茄.生菜.胡萝卜.鸡胸肉.黄瓜|+|1.1.1.1.1.1.1.1','如果你家里还有沙拉酱那更好啦，在面包和蔬菜上再摸上沙拉酱，这样吃起来口味会更丰富哦'),(21,5,8,'切割并装盘','2-9.jpg','包的时候把三明治稍微靠保鲜膜上面一点，但是不要靠到头，保鲜膜头上留一点要再覆盖回来。先把上面余出来的保鲜膜覆盖过来，再把左面右面的保鲜膜分别覆盖过来，最后把下面多余的保鲜膜覆盖上来把三明治整个包裹住。包裹住以后可以用手稍微按压一点四边，固定一下形状。最后你想横着切，斜着切，都可以，一切两半装盘就可以啦','00:00:30','|全麦面包.生菜.鸡蛋.番茄.生菜.胡萝卜.鸡胸肉.黄瓜|1.1.1.1.1.1.1.1','三明治食材不限制，家里有火腿培根，都可以煎一煎夹进去。自己做的当然越丰富越好啦'),(22,1,7,'步骤7','3-8.jpg','赶快动手吧^-^',NULL,NULL,NULL),(33,2,1,'步骤1','4-2.jpg','买来做西米露剩下的西米,淘洗一次','00:01:00','民夫果 小西米|+|1',NULL),(34,2,2,'步骤2','4-3.jpg','加入精选牧场奶','03:20:00','精选牧场奶|+民夫果 小西米|1.10','小西米要浸泡一会，我用牛奶浸泡的，量不用太多，能浸湿西米就好！ 我是早晨上班前浸泡的，中午回家包的粽子！大概泡了3个多小时！'),(35,2,3,'步骤3','4-4.jpg','加入糖粉、玉米油拌匀浸泡一会','00:05:00','糖粉.玉米油|+.民夫果 小西米|1.1.5',NULL),(36,2,4,'步骤4','4-5.jpg','粽叶洗净后，放入锅里煮开，水里加几滴色拉油','00:20:00','粽叶|+|1',NULL),(37,2,5,'步骤5','4-6.jpg','这是准备好的材料',NULL,NULL,NULL),(38,2,6,'步骤6','4-7.jpg','取一张粽叶折出一个尖角',NULL,'粽叶|+|1',NULL),(39,2,7,'步骤7','4-8.jpg','舀入适量西米',NULL,'民夫果 小西米|+|1',NULL),(40,2,8,'步骤8','4-9.jpg','放入豆沙馅',NULL,'民夫果 小西米.豆沙馅|+|5.1',NULL),(41,2,9,'步骤9','4-10.jpg','再加入适量西米',NULL,'民夫果 小西米|+|1',NULL),(42,2,10,'步骤10','4-11.jpg','把粽叶往上折把西米包住',NULL,'粽叶|+|1',NULL),(43,2,11,'步骤11','4-12.jpg','用棉线扎起来',NULL,NULL,NULL),(44,2,12,'步骤12','4-13.jpg','把包好的粽子放入锅里加水煮30分钟，水要浸没粽子','00:30:00','民夫果 小西米|+|1',NULL),(45,2,13,'步骤13','4-14.jpg','再焖10分钟后就可以吃了','00:10:00','民夫果 小西米|+|1','去年我做过用大西米来包的粽子，最后成品怎么煮都有白芯哦！'),(46,3,1,'步骤1','5-2.jpg','准备食材。并准备一个方形的保鲜盒，我用的是乐扣（134×134×60）的。',NULL,NULL,NULL),(47,3,2,'步骤2','5-3.jpg','在盒底铺一层椰蓉或铺一张油纸。','00:00:10','椰蓉|+|1',NULL),(48,3,3,'步骤3','5-4.jpg','将80g牛奶与玉米淀粉搅拌至完全融合','00:20:00','牛奶.玉米淀粉|+.a|2.3.30',NULL),(49,3,4,'步骤4','5-5.jpg','剩余的牛奶和淡奶油、糖混合，倒入奶锅，煮沸。（建议用中火）','00:15:00','牛奶.淡奶油.细砂糖|+.玉米淀粉|3.2.1.4',NULL),(50,3,5,'步骤5','5-6.jpg','将第三步牛奶和玉米淀粉的混合液倒入奶锅，快速搅拌（画圈）。','00:10:00','牛奶.淡奶油.细砂糖|+.玉米淀粉|3.2.1.4',NULL),(51,3,6,'步骤6','5-7.jpg','此时锅内的液体会越来越浓稠，几秒钟就凝固成厚厚的了，立即关火以免结焦。','00:00:10',NULL,'牛奶和玉米淀粉的混合液倒入奶锅后，一定要快速搅拌，变浓稠后立即关火，时间一长，容易结焦，影响颜值和口感哦。'),(52,3,7,'步骤7','5-8.jpg','倒入铺好椰蓉的保鲜盒内，用勺子压一压，使奶液平整，并在上面再铺一层椰蓉（也可不铺）。','00:01:00','牛奶.淡奶油.细砂糖|+.玉米淀粉|3.2.1.4',NULL),(53,3,8,'步骤8','5-9.jpg','放凉后，加盖密封，放入冰箱冷藏5小时以上。（我一般都是晚上做好，冷藏一夜后，第二天再食用）','06:00:00','牛奶.淡奶油.细砂糖|+.玉米淀粉|3.2.1.4',NULL),(54,3,9,'步骤9','5-10.jpg','取出，倒扣在案板上。（为方便脱模，建议先用小刀在四周扣一遍，再在最上面加一层保鲜膜，倒扣后就倒在保鲜膜上了）','00:00:30','牛奶.淡奶油.细砂糖|+.玉米淀粉|3.2.1.4',NULL),(55,3,10,'步骤10','5-11.jpg','切成小方块（依我的保鲜盒大小做成的，大约可切成6×6=36块，每个小方块棱长约2厘米）。','00:01:00','牛奶.淡奶油.细砂糖|+.玉米淀粉|3.2.1.4',NULL),(56,3,11,'步骤11','5-12.jpg','分别在椰蓉、可可粉和抹茶粉里滚几下，使其每个面都裹满椰蓉或其他粉。','00:02:00','牛奶.淡奶油.细砂糖|+.玉米淀粉.可可粉.抹茶粉|6.4.2.8.1.1','三种口味适合不同人的喜好，大家在最后一步裹粉时，喜欢哪一种，哪一种就多裹一些好了。如果有更适合自己的粉料，各自发挥了哈！'),(57,3,12,'步骤12','5-13.jpg','装盘。包装一下送人也是相当赞哦！',NULL,NULL,NULL);
/*!40000 ALTER TABLE `preparation_step` ENABLE KEYS */;
UNLOCK TABLES;

--
-- Table structure for table `recipe`
--

DROP TABLE IF EXISTS `recipe`;
/*!40101 SET @saved_cs_client     = @@character_set_client */;
/*!50503 SET character_set_client = utf8mb4 */;
CREATE TABLE `recipe` (
                          `recipe_id` int NOT NULL AUTO_INCREMENT COMMENT 'id',
                          `user_id` int NOT NULL COMMENT '创建用户id',
                          `title` char(30) CHARACTER SET utf8mb3 COLLATE utf8mb3_general_ci DEFAULT NULL COMMENT '标题',
                          `r_name` char(30) CHARACTER SET utf8mb3 COLLATE utf8mb3_general_ci DEFAULT NULL COMMENT '名称',
                          `file_uri` char(60) CHARACTER SET utf8mb3 COLLATE utf8mb3_general_ci DEFAULT NULL COMMENT '多媒体文件',
                          `summary` char(200) CHARACTER SET utf8mb3 COLLATE utf8mb3_general_ci DEFAULT NULL COMMENT '总结',
                          PRIMARY KEY (`recipe_id`),
                          KEY `recipe____fk` (`user_id`),
                          CONSTRAINT `recipe____fk` FOREIGN KEY (`user_id`) REFERENCES `user` (`user_id`)
) ENGINE=InnoDB AUTO_INCREMENT=6 DEFAULT CHARSET=utf8mb4 COLLATE=utf8mb4_0900_ai_ci COMMENT='食谱';
/*!40101 SET character_set_client = @saved_cs_client */;

--
-- Dumping data for table `recipe`
--

LOCK TABLES `recipe` WRITE;
/*!40000 ALTER TABLE `recipe` DISABLE KEYS */;
INSERT INTO `recipe` VALUES (1,1,'圣诞节之香蕉巧克力','香蕉巧克力','3-1.jpg',NULL),(2,1,'奶香西米粽','奶香西米粽','4-1.jpg','马上就要到端午节了，今天先用西米包了点迷你甜粽！用牛奶泡的西米加入豆沙馅，西米QQ的，小朋友应该会喜欢的！'),(3,1,'三色牛奶小方（零失败）','三色牛奶小方','5-1.jpg','最初在蛋糕店里看到，是被叫做“奶豆腐”的甜品。最经常是裹上椰蓉，最美味也是最常见的一种。有时也会裹上可可粉或抹茶粉，换换口味，换换心情。'),(4,1,'鸡翅鸡爪煲','鸡翅鸡爪煲','1-1.jpg','在家也能品尝到火爆餐厅的鸡翅鸡爪煲，美味至极，令人难以忘怀。酱汁浓郁，口感软烂脱骨，再搭配一碗热腾腾的米饭，真是美味无穷。现在，让我来分享一下这道佳肴的制作方法吧！'),(5,1,'鸡胸切片三明治','鸡胸切片三明治','2-1.jpg','三明治作为早餐即减脂又快手，快来一起看看吧！');
/*!40000 ALTER TABLE `recipe` ENABLE KEYS */;
UNLOCK TABLES;

--
-- Table structure for table `recipe_item`
--

DROP TABLE IF EXISTS `recipe_item`;
/*!40101 SET @saved_cs_client     = @@character_set_client */;
/*!50503 SET character_set_client = utf8mb4 */;
CREATE TABLE `recipe_item` (
                               `recipe_item_id` int NOT NULL AUTO_INCREMENT COMMENT '食谱项目id',
                               `recipe_id` int NOT NULL COMMENT '食谱id',
                               `ingredient_id` int NOT NULL COMMENT '食材id',
                               `dosage` decimal(10,0) NOT NULL COMMENT '用量',
                               PRIMARY KEY (`recipe_item_id`),
                               KEY `recipe_item_recipe_recipe_id_fk` (`recipe_id`),
                               KEY `recipe_item_ingredient_Ingredient_id_fk` (`ingredient_id`),
                               CONSTRAINT `recipe_item_ingredient_Ingredient_id_fk` FOREIGN KEY (`ingredient_id`) REFERENCES `ingredient` (`Ingredient_id`),
                               CONSTRAINT `recipe_item_recipe_recipe_id_fk` FOREIGN KEY (`recipe_id`) REFERENCES `recipe` (`recipe_id`)
) ENGINE=InnoDB AUTO_INCREMENT=47 DEFAULT CHARSET=utf8mb4 COLLATE=utf8mb4_0900_ai_ci COMMENT='食谱项目';
/*!40101 SET character_set_client = @saved_cs_client */;

--
-- Dumping data for table `recipe_item`
--

LOCK TABLES `recipe_item` WRITE;
/*!40000 ALTER TABLE `recipe_item` DISABLE KEYS */;
INSERT INTO `recipe_item` VALUES (1,1,1,534),(2,1,2,216),(3,1,3,54),(4,1,17,250),(5,4,4,200),(6,4,5,200),(7,4,6,100),(8,4,7,100),(9,4,8,200),(10,4,9,5),(11,4,10,5),(12,4,11,15),(13,4,12,6),(14,4,13,10),(15,4,14,250),(16,5,7,60),(17,5,9,5),(18,5,12,3),(19,5,22,100),(20,5,23,50),(21,5,24,60),(22,5,25,240),(23,5,26,40),(24,5,27,15),(25,5,28,60),(26,5,29,5),(27,5,30,15),(28,5,31,10),(29,5,32,15),(30,5,33,5),(31,1,16,216),(32,1,18,200),(33,1,12,4),(34,2,36,100),(35,2,37,120),(36,2,38,70),(37,2,39,10),(38,2,40,10),(39,2,41,250),(40,3,37,250),(41,3,43,100),(42,3,44,40),(43,3,45,40),(44,3,46,20),(45,3,47,10),(46,3,48,10);
/*!40000 ALTER TABLE `recipe_item` ENABLE KEYS */;
UNLOCK TABLES;

--
-- Table structure for table `user`
--

DROP TABLE IF EXISTS `user`;
/*!40101 SET @saved_cs_client     = @@character_set_client */;
/*!50503 SET character_set_client = utf8mb4 */;
CREATE TABLE `user` (
                        `user_id` int NOT NULL AUTO_INCREMENT COMMENT '用户id',
                        `u_name` char(20) CHARACTER SET utf8mb3 COLLATE utf8mb3_general_ci NOT NULL COMMENT '名称',
                        `password` char(44) CHARACTER SET utf8mb3 COLLATE utf8mb3_general_ci NOT NULL COMMENT '密码',
                        `email` char(30) CHARACTER SET utf8mb3 COLLATE utf8mb3_general_ci NOT NULL COMMENT '邮箱',
                        `phone` char(11) CHARACTER SET utf8mb3 COLLATE utf8mb3_general_ci NOT NULL COMMENT '手机',
                        `Salt` char(49) NOT NULL COMMENT '盐',
                        `gender` tinyint(1) NOT NULL DEFAULT '0' COMMENT '性别 1：男生、0：女生',
                        `birth_date` datetime NOT NULL DEFAULT CURRENT_TIMESTAMP COMMENT '生日',
                        `is_logout` tinyint(1) NOT NULL DEFAULT '0' COMMENT '是否注销',
                        PRIMARY KEY (`user_id`),
                        UNIQUE KEY `user_pk` (`u_name`)
) ENGINE=InnoDB AUTO_INCREMENT=8 DEFAULT CHARSET=utf8mb4 COLLATE=utf8mb4_0900_ai_ci COMMENT='用户';
/*!40101 SET character_set_client = @saved_cs_client */;

--
-- Dumping data for table `user`
--

LOCK TABLES `user` WRITE;
/*!40000 ALTER TABLE `user` DISABLE KEYS */;
INSERT INTO `user` VALUES (1,'管理员小李','RVDOIUfnaaIU9NNwEJOM3CsiYT2CDDUTqbnI9kpNUQY=','1714050472@qq.com','13112663026','2024060919432616946c2cc82b64843338ffb436a5ee3b9ea',0,'1994-03-19 00:00:00',0),(2,'管理员小王','K3YPYgw0tJqrA1APxbfm9Qkhv04Uho62aWjdymdSnBY=','1714050473@qq.com','13112663027','2024060919434574575260ac2d75b4fdc9309a9d696e0fabf',0,'2024-06-10 03:43:45',0),(3,'管理员老六','xkg3fNhnevN3LbpsIbz4sGopMj6MGSamXqrh+c9jroU=','1714050474@qq.com','13112663028','2024060919440263410eb8ab46c5b4763a9f56c4d57b9f620',0,'2024-06-10 03:44:02',0),(4,'jkh','s7V+JBSxYIZIGOci0gEbRCvrbI23n2BJd9UBAIE2y4Y=','1714050480@qq.com','13112663030','20240609195012996e5708263790d485fae52765635172992',0,'2024-06-10 03:50:13',0),(5,'111','MpPyKjvgTaLQ2FhdYU0PDjboHTp6Fhgy0TFHXlZt8fU=','111@qq.com','17829180982','20240629060504838c207b22cdb87447f8bf2c71eea48c2b7',0,'2024-06-29 14:05:07',0);
/*!40000 ALTER TABLE `user` ENABLE KEYS */;
UNLOCK TABLES;

--
-- Table structure for table `user_physical_info`
--

DROP TABLE IF EXISTS `user_physical_info`;
/*!40101 SET @saved_cs_client     = @@character_set_client */;
/*!50503 SET character_set_client = utf8mb4 */;
CREATE TABLE `user_physical_info` (
                                      `upi_id` int NOT NULL AUTO_INCREMENT COMMENT 'id',
                                      `u_id` int NOT NULL COMMENT '用户id',
                                      `height` double NOT NULL DEFAULT '120' COMMENT '身高',
                                      `weight` double NOT NULL DEFAULT '30' COMMENT '体重(kg)',
                                      `activity_level` char(20) NOT NULL COMMENT '运动习惯',
                                      `protein_requirement` double NOT NULL COMMENT '蛋白质摄入量',
                                      `fat_percentage` double NOT NULL COMMENT '脂肪供能占比',
                                      `update_time` datetime NOT NULL COMMENT '更新时间',
                                      PRIMARY KEY (`upi_id`),
                                      KEY `user_physical_info_user_user_id_fk` (`u_id`),
                                      CONSTRAINT `user_physical_info_user_user_id_fk` FOREIGN KEY (`u_id`) REFERENCES `user` (`user_id`)
) ENGINE=InnoDB AUTO_INCREMENT=55 DEFAULT CHARSET=utf8mb4 COLLATE=utf8mb4_0900_ai_ci COMMENT='用户身体数据';
/*!40101 SET character_set_client = @saved_cs_client */;

--
-- Dumping data for table `user_physical_info`
--

LOCK TABLES `user_physical_info` WRITE;
/*!40000 ALTER TABLE `user_physical_info` DISABLE KEYS */;
INSERT INTO `user_physical_info` VALUES (48,5,190,76.667,'售货员',116.50621645,0.3,'2024-06-29 15:23:48'),(54,1,176.667,64.667,'有不少家务活，需要较多走动',65.00000000000007,0.3,'2024-06-30 13:07:01');
/*!40000 ALTER TABLE `user_physical_info` ENABLE KEYS */;
UNLOCK TABLES;
/*!40103 SET TIME_ZONE=@OLD_TIME_ZONE */;

/*!40101 SET SQL_MODE=@OLD_SQL_MODE */;
/*!40014 SET FOREIGN_KEY_CHECKS=@OLD_FOREIGN_KEY_CHECKS */;
/*!40014 SET UNIQUE_CHECKS=@OLD_UNIQUE_CHECKS */;
/*!40101 SET CHARACTER_SET_CLIENT=@OLD_CHARACTER_SET_CLIENT */;
/*!40101 SET CHARACTER_SET_RESULTS=@OLD_CHARACTER_SET_RESULTS */;
/*!40101 SET COLLATION_CONNECTION=@OLD_COLLATION_CONNECTION */;
/*!40111 SET SQL_NOTES=@OLD_SQL_NOTES */;

-- Dump completed on 2024-06-30 23:24:39
